--------------------------------------------------------
--  File created - Wednesday-October-09-2024   
--------------------------------------------------------
REM INSERTING into ACC_ACCOUNTS
SET DEFINE OFF;
Insert into ACC_ACCOUNTS (ACCOUNT_ID,ACCOUNT_NAME_AR,ACCOUNT_NATURE,ACCOUNT_TYPE,ACCOUNT_PARENT,SUB_ACCOUNT,ACCOUNT_LEVEL,ACC_DATE,COMPANY_ID,ACCOUNT_NAME_EN) values (101,'الأصول المتداولة',1,1,1,0,2,null,0,null);
Insert into ACC_ACCOUNTS (ACCOUNT_ID,ACCOUNT_NAME_AR,ACCOUNT_NATURE,ACCOUNT_TYPE,ACCOUNT_PARENT,SUB_ACCOUNT,ACCOUNT_LEVEL,ACC_DATE,COMPANY_ID,ACCOUNT_NAME_EN) values (102,'الأصول الثابتة',1,1,1,0,2,null,0,null);
Insert into ACC_ACCOUNTS (ACCOUNT_ID,ACCOUNT_NAME_AR,ACCOUNT_NATURE,ACCOUNT_TYPE,ACCOUNT_PARENT,SUB_ACCOUNT,ACCOUNT_LEVEL,ACC_DATE,COMPANY_ID,ACCOUNT_NAME_EN) values (101001,'الصناديق',1,1,101,0,3,null,0,null);
Insert into ACC_ACCOUNTS (ACCOUNT_ID,ACCOUNT_NAME_AR,ACCOUNT_NATURE,ACCOUNT_TYPE,ACCOUNT_PARENT,SUB_ACCOUNT,ACCOUNT_LEVEL,ACC_DATE,COMPANY_ID,ACCOUNT_NAME_EN) values (101002,'البنوك',1,1,101,0,3,null,0,null);
Insert into ACC_ACCOUNTS (ACCOUNT_ID,ACCOUNT_NAME_AR,ACCOUNT_NATURE,ACCOUNT_TYPE,ACCOUNT_PARENT,SUB_ACCOUNT,ACCOUNT_LEVEL,ACC_DATE,COMPANY_ID,ACCOUNT_NAME_EN) values (101001001,'الصناديق',1,1,101001,0,4,null,0,null);
Insert into ACC_ACCOUNTS (ACCOUNT_ID,ACCOUNT_NAME_AR,ACCOUNT_NATURE,ACCOUNT_TYPE,ACCOUNT_PARENT,SUB_ACCOUNT,ACCOUNT_LEVEL,ACC_DATE,COMPANY_ID,ACCOUNT_NAME_EN) values (101002001,'البنوك',1,1,101002,0,4,null,0,null);
Insert into ACC_ACCOUNTS (ACCOUNT_ID,ACCOUNT_NAME_AR,ACCOUNT_NATURE,ACCOUNT_TYPE,ACCOUNT_PARENT,SUB_ACCOUNT,ACCOUNT_LEVEL,ACC_DATE,COMPANY_ID,ACCOUNT_NAME_EN) values (101002001001,'البنك الاهلي',1,1,101002001,1,5,null,0,null);
Insert into ACC_ACCOUNTS (ACCOUNT_ID,ACCOUNT_NAME_AR,ACCOUNT_NATURE,ACCOUNT_TYPE,ACCOUNT_PARENT,SUB_ACCOUNT,ACCOUNT_LEVEL,ACC_DATE,COMPANY_ID,ACCOUNT_NAME_EN) values (101002001002,'بنك البلاد',1,1,101002001,1,5,null,0,null);
Insert into ACC_ACCOUNTS (ACCOUNT_ID,ACCOUNT_NAME_AR,ACCOUNT_NATURE,ACCOUNT_TYPE,ACCOUNT_PARENT,SUB_ACCOUNT,ACCOUNT_LEVEL,ACC_DATE,COMPANY_ID,ACCOUNT_NAME_EN) values (101006,'مصروفات مدفوعة مقدماً',1,1,101,0,3,null,0,null);
Insert into ACC_ACCOUNTS (ACCOUNT_ID,ACCOUNT_NAME_AR,ACCOUNT_NATURE,ACCOUNT_TYPE,ACCOUNT_PARENT,SUB_ACCOUNT,ACCOUNT_LEVEL,ACC_DATE,COMPANY_ID,ACCOUNT_NAME_EN) values (101003,'العملاء',1,1,101,0,3,null,0,null);
Insert into ACC_ACCOUNTS (ACCOUNT_ID,ACCOUNT_NAME_AR,ACCOUNT_NATURE,ACCOUNT_TYPE,ACCOUNT_PARENT,SUB_ACCOUNT,ACCOUNT_LEVEL,ACC_DATE,COMPANY_ID,ACCOUNT_NAME_EN) values (101004,'المخزون',1,1,101,0,3,null,0,null);
Insert into ACC_ACCOUNTS (ACCOUNT_ID,ACCOUNT_NAME_AR,ACCOUNT_NATURE,ACCOUNT_TYPE,ACCOUNT_PARENT,SUB_ACCOUNT,ACCOUNT_LEVEL,ACC_DATE,COMPANY_ID,ACCOUNT_NAME_EN) values (101005,'ايرادات مستحقة',1,1,101,0,3,null,0,null);
Insert into ACC_ACCOUNTS (ACCOUNT_ID,ACCOUNT_NAME_AR,ACCOUNT_NATURE,ACCOUNT_TYPE,ACCOUNT_PARENT,SUB_ACCOUNT,ACCOUNT_LEVEL,ACC_DATE,COMPANY_ID,ACCOUNT_NAME_EN) values (101007,'ذمم عاملين',1,1,101,0,3,null,0,null);
Insert into ACC_ACCOUNTS (ACCOUNT_ID,ACCOUNT_NAME_AR,ACCOUNT_NATURE,ACCOUNT_TYPE,ACCOUNT_PARENT,SUB_ACCOUNT,ACCOUNT_LEVEL,ACC_DATE,COMPANY_ID,ACCOUNT_NAME_EN) values (101007001,'سلف الموظفين',1,1,101007,0,4,null,0,null);
Insert into ACC_ACCOUNTS (ACCOUNT_ID,ACCOUNT_NAME_AR,ACCOUNT_NATURE,ACCOUNT_TYPE,ACCOUNT_PARENT,SUB_ACCOUNT,ACCOUNT_LEVEL,ACC_DATE,COMPANY_ID,ACCOUNT_NAME_EN) values (101007002,'عهد الموظفين',1,1,101007,0,4,null,0,null);
Insert into ACC_ACCOUNTS (ACCOUNT_ID,ACCOUNT_NAME_AR,ACCOUNT_NATURE,ACCOUNT_TYPE,ACCOUNT_PARENT,SUB_ACCOUNT,ACCOUNT_LEVEL,ACC_DATE,COMPANY_ID,ACCOUNT_NAME_EN) values (101006001,'مصروفات مدفوعة مقدماً',1,1,101006,0,4,null,0,null);
Insert into ACC_ACCOUNTS (ACCOUNT_ID,ACCOUNT_NAME_AR,ACCOUNT_NATURE,ACCOUNT_TYPE,ACCOUNT_PARENT,SUB_ACCOUNT,ACCOUNT_LEVEL,ACC_DATE,COMPANY_ID,ACCOUNT_NAME_EN) values (101006001001,'ايجارات مدفوعة مقدما',1,1,101006001,1,5,null,0,null);
Insert into ACC_ACCOUNTS (ACCOUNT_ID,ACCOUNT_NAME_AR,ACCOUNT_NATURE,ACCOUNT_TYPE,ACCOUNT_PARENT,SUB_ACCOUNT,ACCOUNT_LEVEL,ACC_DATE,COMPANY_ID,ACCOUNT_NAME_EN) values (101007001001,'سلف الموظفين موظف 1',1,1,101007001,1,5,null,0,null);
Insert into ACC_ACCOUNTS (ACCOUNT_ID,ACCOUNT_NAME_AR,ACCOUNT_NATURE,ACCOUNT_TYPE,ACCOUNT_PARENT,SUB_ACCOUNT,ACCOUNT_LEVEL,ACC_DATE,COMPANY_ID,ACCOUNT_NAME_EN) values (101007002001,'عهد الموظفين موظف 1',1,1,101007002,1,5,null,0,null);
Insert into ACC_ACCOUNTS (ACCOUNT_ID,ACCOUNT_NAME_AR,ACCOUNT_NATURE,ACCOUNT_TYPE,ACCOUNT_PARENT,SUB_ACCOUNT,ACCOUNT_LEVEL,ACC_DATE,COMPANY_ID,ACCOUNT_NAME_EN) values (101008,'ارصدة مدينة اخرى',1,1,101,0,3,null,0,null);
Insert into ACC_ACCOUNTS (ACCOUNT_ID,ACCOUNT_NAME_AR,ACCOUNT_NATURE,ACCOUNT_TYPE,ACCOUNT_PARENT,SUB_ACCOUNT,ACCOUNT_LEVEL,ACC_DATE,COMPANY_ID,ACCOUNT_NAME_EN) values (101008001,'ارصدة مدينة اخرى',1,1,101008,0,4,null,0,null);
Insert into ACC_ACCOUNTS (ACCOUNT_ID,ACCOUNT_NAME_AR,ACCOUNT_NATURE,ACCOUNT_TYPE,ACCOUNT_PARENT,SUB_ACCOUNT,ACCOUNT_LEVEL,ACC_DATE,COMPANY_ID,ACCOUNT_NAME_EN) values (101008001001,'ضريبة القيمة المضافة للمشتريات',1,1,101008001,1,5,null,0,null);
Insert into ACC_ACCOUNTS (ACCOUNT_ID,ACCOUNT_NAME_AR,ACCOUNT_NATURE,ACCOUNT_TYPE,ACCOUNT_PARENT,SUB_ACCOUNT,ACCOUNT_LEVEL,ACC_DATE,COMPANY_ID,ACCOUNT_NAME_EN) values (201,'إلتزامات متداولة',2,1,2,0,2,null,0,null);
Insert into ACC_ACCOUNTS (ACCOUNT_ID,ACCOUNT_NAME_AR,ACCOUNT_NATURE,ACCOUNT_TYPE,ACCOUNT_PARENT,SUB_ACCOUNT,ACCOUNT_LEVEL,ACC_DATE,COMPANY_ID,ACCOUNT_NAME_EN) values (201001,'الموردين',2,1,201,0,3,null,0,null);
Insert into ACC_ACCOUNTS (ACCOUNT_ID,ACCOUNT_NAME_AR,ACCOUNT_NATURE,ACCOUNT_TYPE,ACCOUNT_PARENT,SUB_ACCOUNT,ACCOUNT_LEVEL,ACC_DATE,COMPANY_ID,ACCOUNT_NAME_EN) values (201002,'قروض قصيرة الأجل',2,1,201,0,3,null,0,null);
Insert into ACC_ACCOUNTS (ACCOUNT_ID,ACCOUNT_NAME_AR,ACCOUNT_NATURE,ACCOUNT_TYPE,ACCOUNT_PARENT,SUB_ACCOUNT,ACCOUNT_LEVEL,ACC_DATE,COMPANY_ID,ACCOUNT_NAME_EN) values (201003,'مصروفات مستحقة',2,1,201,0,3,null,0,null);
Insert into ACC_ACCOUNTS (ACCOUNT_ID,ACCOUNT_NAME_AR,ACCOUNT_NATURE,ACCOUNT_TYPE,ACCOUNT_PARENT,SUB_ACCOUNT,ACCOUNT_LEVEL,ACC_DATE,COMPANY_ID,ACCOUNT_NAME_EN) values (201003001,'رواتب مستحقة',2,1,201003,0,4,null,0,null);
Insert into ACC_ACCOUNTS (ACCOUNT_ID,ACCOUNT_NAME_AR,ACCOUNT_NATURE,ACCOUNT_TYPE,ACCOUNT_PARENT,SUB_ACCOUNT,ACCOUNT_LEVEL,ACC_DATE,COMPANY_ID,ACCOUNT_NAME_EN) values (201003002,'تامينات مستحقة',2,1,201003,0,4,null,0,null);
Insert into ACC_ACCOUNTS (ACCOUNT_ID,ACCOUNT_NAME_AR,ACCOUNT_NATURE,ACCOUNT_TYPE,ACCOUNT_PARENT,SUB_ACCOUNT,ACCOUNT_LEVEL,ACC_DATE,COMPANY_ID,ACCOUNT_NAME_EN) values (201003003,'عمولات مستحقة',2,1,201003,0,4,null,0,null);
Insert into ACC_ACCOUNTS (ACCOUNT_ID,ACCOUNT_NAME_AR,ACCOUNT_NATURE,ACCOUNT_TYPE,ACCOUNT_PARENT,SUB_ACCOUNT,ACCOUNT_LEVEL,ACC_DATE,COMPANY_ID,ACCOUNT_NAME_EN) values (202,'إلتزامات غير متداولة',2,1,2,0,2,null,0,null);
Insert into ACC_ACCOUNTS (ACCOUNT_ID,ACCOUNT_NAME_AR,ACCOUNT_NATURE,ACCOUNT_TYPE,ACCOUNT_PARENT,SUB_ACCOUNT,ACCOUNT_LEVEL,ACC_DATE,COMPANY_ID,ACCOUNT_NAME_EN) values (202001,'قروض طويلة الأجل',2,1,202,0,3,null,0,null);
Insert into ACC_ACCOUNTS (ACCOUNT_ID,ACCOUNT_NAME_AR,ACCOUNT_NATURE,ACCOUNT_TYPE,ACCOUNT_PARENT,SUB_ACCOUNT,ACCOUNT_LEVEL,ACC_DATE,COMPANY_ID,ACCOUNT_NAME_EN) values (202002,'المخصصات',2,1,202,0,3,null,0,null);
Insert into ACC_ACCOUNTS (ACCOUNT_ID,ACCOUNT_NAME_AR,ACCOUNT_NATURE,ACCOUNT_TYPE,ACCOUNT_PARENT,SUB_ACCOUNT,ACCOUNT_LEVEL,ACC_DATE,COMPANY_ID,ACCOUNT_NAME_EN) values (203,'رأس المال',2,1,2,0,2,null,0,null);
Insert into ACC_ACCOUNTS (ACCOUNT_ID,ACCOUNT_NAME_AR,ACCOUNT_NATURE,ACCOUNT_TYPE,ACCOUNT_PARENT,SUB_ACCOUNT,ACCOUNT_LEVEL,ACC_DATE,COMPANY_ID,ACCOUNT_NAME_EN) values (203001,'رأس المال',2,1,203,0,3,null,0,null);
Insert into ACC_ACCOUNTS (ACCOUNT_ID,ACCOUNT_NAME_AR,ACCOUNT_NATURE,ACCOUNT_TYPE,ACCOUNT_PARENT,SUB_ACCOUNT,ACCOUNT_LEVEL,ACC_DATE,COMPANY_ID,ACCOUNT_NAME_EN) values (203001001,'رأس المال',2,1,203001,0,4,null,0,null);
Insert into ACC_ACCOUNTS (ACCOUNT_ID,ACCOUNT_NAME_AR,ACCOUNT_NATURE,ACCOUNT_TYPE,ACCOUNT_PARENT,SUB_ACCOUNT,ACCOUNT_LEVEL,ACC_DATE,COMPANY_ID,ACCOUNT_NAME_EN) values (203001001001,'رأس المال',2,1,203001001,1,5,null,0,null);
Insert into ACC_ACCOUNTS (ACCOUNT_ID,ACCOUNT_NAME_AR,ACCOUNT_NATURE,ACCOUNT_TYPE,ACCOUNT_PARENT,SUB_ACCOUNT,ACCOUNT_LEVEL,ACC_DATE,COMPANY_ID,ACCOUNT_NAME_EN) values (301,'مصروفات ادارية وعمومية',1,2,3,0,2,null,0,null);
Insert into ACC_ACCOUNTS (ACCOUNT_ID,ACCOUNT_NAME_AR,ACCOUNT_NATURE,ACCOUNT_TYPE,ACCOUNT_PARENT,SUB_ACCOUNT,ACCOUNT_LEVEL,ACC_DATE,COMPANY_ID,ACCOUNT_NAME_EN) values (301001,'مصروفات رواتب واجور',1,2,301,0,3,null,0,null);
Insert into ACC_ACCOUNTS (ACCOUNT_ID,ACCOUNT_NAME_AR,ACCOUNT_NATURE,ACCOUNT_TYPE,ACCOUNT_PARENT,SUB_ACCOUNT,ACCOUNT_LEVEL,ACC_DATE,COMPANY_ID,ACCOUNT_NAME_EN) values (301001001,'مصروفات رواتب واجور',1,2,301001,0,4,null,0,null);
Insert into ACC_ACCOUNTS (ACCOUNT_ID,ACCOUNT_NAME_AR,ACCOUNT_NATURE,ACCOUNT_TYPE,ACCOUNT_PARENT,SUB_ACCOUNT,ACCOUNT_LEVEL,ACC_DATE,COMPANY_ID,ACCOUNT_NAME_EN) values (301001001001,'مصروفات رواتب واجور موظفين المكتب الرئيسي',1,2,301001001,1,3,null,0,null);
Insert into ACC_ACCOUNTS (ACCOUNT_ID,ACCOUNT_NAME_AR,ACCOUNT_NATURE,ACCOUNT_TYPE,ACCOUNT_PARENT,SUB_ACCOUNT,ACCOUNT_LEVEL,ACC_DATE,COMPANY_ID,ACCOUNT_NAME_EN) values (301002,'مصروفات ايجارات',1,2,301,0,3,null,0,null);
Insert into ACC_ACCOUNTS (ACCOUNT_ID,ACCOUNT_NAME_AR,ACCOUNT_NATURE,ACCOUNT_TYPE,ACCOUNT_PARENT,SUB_ACCOUNT,ACCOUNT_LEVEL,ACC_DATE,COMPANY_ID,ACCOUNT_NAME_EN) values (301003,'مصروفات كهرباء ومياه',1,2,301,0,3,null,0,null);
Insert into ACC_ACCOUNTS (ACCOUNT_ID,ACCOUNT_NAME_AR,ACCOUNT_NATURE,ACCOUNT_TYPE,ACCOUNT_PARENT,SUB_ACCOUNT,ACCOUNT_LEVEL,ACC_DATE,COMPANY_ID,ACCOUNT_NAME_EN) values (301004,'مصروفات جوال وهاتف وانترنت',1,2,301,0,3,null,0,null);
Insert into ACC_ACCOUNTS (ACCOUNT_ID,ACCOUNT_NAME_AR,ACCOUNT_NATURE,ACCOUNT_TYPE,ACCOUNT_PARENT,SUB_ACCOUNT,ACCOUNT_LEVEL,ACC_DATE,COMPANY_ID,ACCOUNT_NAME_EN) values (301005,'مصروفات صيانة',1,2,301,0,3,null,0,null);
Insert into ACC_ACCOUNTS (ACCOUNT_ID,ACCOUNT_NAME_AR,ACCOUNT_NATURE,ACCOUNT_TYPE,ACCOUNT_PARENT,SUB_ACCOUNT,ACCOUNT_LEVEL,ACC_DATE,COMPANY_ID,ACCOUNT_NAME_EN) values (301006,'مصروفات رسوم حكومية',1,2,301,0,3,null,0,null);
Insert into ACC_ACCOUNTS (ACCOUNT_ID,ACCOUNT_NAME_AR,ACCOUNT_NATURE,ACCOUNT_TYPE,ACCOUNT_PARENT,SUB_ACCOUNT,ACCOUNT_LEVEL,ACC_DATE,COMPANY_ID,ACCOUNT_NAME_EN) values (301002001,'مصروفات ايجارات',1,2,301002,0,4,null,0,null);
Insert into ACC_ACCOUNTS (ACCOUNT_ID,ACCOUNT_NAME_AR,ACCOUNT_NATURE,ACCOUNT_TYPE,ACCOUNT_PARENT,SUB_ACCOUNT,ACCOUNT_LEVEL,ACC_DATE,COMPANY_ID,ACCOUNT_NAME_EN) values (301002001001,'مصروفات ايجار المكتب الرئيسي',1,2,301002001,1,3,null,0,null);
Insert into ACC_ACCOUNTS (ACCOUNT_ID,ACCOUNT_NAME_AR,ACCOUNT_NATURE,ACCOUNT_TYPE,ACCOUNT_PARENT,SUB_ACCOUNT,ACCOUNT_LEVEL,ACC_DATE,COMPANY_ID,ACCOUNT_NAME_EN) values (401,'ايرادات النشاط',2,2,4,0,2,null,0,null);
Insert into ACC_ACCOUNTS (ACCOUNT_ID,ACCOUNT_NAME_AR,ACCOUNT_NATURE,ACCOUNT_TYPE,ACCOUNT_PARENT,SUB_ACCOUNT,ACCOUNT_LEVEL,ACC_DATE,COMPANY_ID,ACCOUNT_NAME_EN) values (401001,'ايرادات النشاط',2,2,401,0,3,null,0,null);
Insert into ACC_ACCOUNTS (ACCOUNT_ID,ACCOUNT_NAME_AR,ACCOUNT_NATURE,ACCOUNT_TYPE,ACCOUNT_PARENT,SUB_ACCOUNT,ACCOUNT_LEVEL,ACC_DATE,COMPANY_ID,ACCOUNT_NAME_EN) values (401001001,'ايرادات النشاط',2,2,401001,0,4,null,0,null);
Insert into ACC_ACCOUNTS (ACCOUNT_ID,ACCOUNT_NAME_AR,ACCOUNT_NATURE,ACCOUNT_TYPE,ACCOUNT_PARENT,SUB_ACCOUNT,ACCOUNT_LEVEL,ACC_DATE,COMPANY_ID,ACCOUNT_NAME_EN) values (401001001001,'ايرادات النشاط',2,2,401001001,1,5,null,0,null);
Insert into ACC_ACCOUNTS (ACCOUNT_ID,ACCOUNT_NAME_AR,ACCOUNT_NATURE,ACCOUNT_TYPE,ACCOUNT_PARENT,SUB_ACCOUNT,ACCOUNT_LEVEL,ACC_DATE,COMPANY_ID,ACCOUNT_NAME_EN) values (402,'ايرادات اخرى',2,2,4,0,2,null,0,null);
Insert into ACC_ACCOUNTS (ACCOUNT_ID,ACCOUNT_NAME_AR,ACCOUNT_NATURE,ACCOUNT_TYPE,ACCOUNT_PARENT,SUB_ACCOUNT,ACCOUNT_LEVEL,ACC_DATE,COMPANY_ID,ACCOUNT_NAME_EN) values (302,'تكلفة الايرادات',1,2,3,0,2,null,0,null);
Insert into ACC_ACCOUNTS (ACCOUNT_ID,ACCOUNT_NAME_AR,ACCOUNT_NATURE,ACCOUNT_TYPE,ACCOUNT_PARENT,SUB_ACCOUNT,ACCOUNT_LEVEL,ACC_DATE,COMPANY_ID,ACCOUNT_NAME_EN) values (303,'مصروفات تأسيسية',1,2,3,0,2,null,0,null);
Insert into ACC_ACCOUNTS (ACCOUNT_ID,ACCOUNT_NAME_AR,ACCOUNT_NATURE,ACCOUNT_TYPE,ACCOUNT_PARENT,SUB_ACCOUNT,ACCOUNT_LEVEL,ACC_DATE,COMPANY_ID,ACCOUNT_NAME_EN) values (303001,'مصروفات تأسيسية',1,2,303,0,3,null,0,null);
Insert into ACC_ACCOUNTS (ACCOUNT_ID,ACCOUNT_NAME_AR,ACCOUNT_NATURE,ACCOUNT_TYPE,ACCOUNT_PARENT,SUB_ACCOUNT,ACCOUNT_LEVEL,ACC_DATE,COMPANY_ID,ACCOUNT_NAME_EN) values (303001001,'مصروفات تأسيسية',1,2,303001,0,4,null,0,null);
Insert into ACC_ACCOUNTS (ACCOUNT_ID,ACCOUNT_NAME_AR,ACCOUNT_NATURE,ACCOUNT_TYPE,ACCOUNT_PARENT,SUB_ACCOUNT,ACCOUNT_LEVEL,ACC_DATE,COMPANY_ID,ACCOUNT_NAME_EN) values (303001001001,'مصروفات تأسيسية محل قبا للكاليات',1,2,303001001,1,5,null,0,null);
Insert into ACC_ACCOUNTS (ACCOUNT_ID,ACCOUNT_NAME_AR,ACCOUNT_NATURE,ACCOUNT_TYPE,ACCOUNT_PARENT,SUB_ACCOUNT,ACCOUNT_LEVEL,ACC_DATE,COMPANY_ID,ACCOUNT_NAME_EN) values (303001001002,'مصروفات تأسيسية محل قبا محل 2',1,2,303001001,1,5,null,0,null);
Insert into ACC_ACCOUNTS (ACCOUNT_ID,ACCOUNT_NAME_AR,ACCOUNT_NATURE,ACCOUNT_TYPE,ACCOUNT_PARENT,SUB_ACCOUNT,ACCOUNT_LEVEL,ACC_DATE,COMPANY_ID,ACCOUNT_NAME_EN) values (101001001001,'الصندوق الرئيسي',1,1,101001001,1,5,null,0,null);
Insert into ACC_ACCOUNTS (ACCOUNT_ID,ACCOUNT_NAME_AR,ACCOUNT_NATURE,ACCOUNT_TYPE,ACCOUNT_PARENT,SUB_ACCOUNT,ACCOUNT_LEVEL,ACC_DATE,COMPANY_ID,ACCOUNT_NAME_EN) values (301007,'مصروفات نظافة',1,2,301,0,null,null,0,null);
Insert into ACC_ACCOUNTS (ACCOUNT_ID,ACCOUNT_NAME_AR,ACCOUNT_NATURE,ACCOUNT_TYPE,ACCOUNT_PARENT,SUB_ACCOUNT,ACCOUNT_LEVEL,ACC_DATE,COMPANY_ID,ACCOUNT_NAME_EN) values (301007001,'مصروفات نظافة',1,2,301007,0,null,null,0,null);
Insert into ACC_ACCOUNTS (ACCOUNT_ID,ACCOUNT_NAME_AR,ACCOUNT_NATURE,ACCOUNT_TYPE,ACCOUNT_PARENT,SUB_ACCOUNT,ACCOUNT_LEVEL,ACC_DATE,COMPANY_ID,ACCOUNT_NAME_EN) values (301007001001,'مصروفات نظافة',1,2,301007001,1,null,null,0,null);
Insert into ACC_ACCOUNTS (ACCOUNT_ID,ACCOUNT_NAME_AR,ACCOUNT_NATURE,ACCOUNT_TYPE,ACCOUNT_PARENT,SUB_ACCOUNT,ACCOUNT_LEVEL,ACC_DATE,COMPANY_ID,ACCOUNT_NAME_EN) values (304,'مصروفات حكومية',1,2,3,0,null,null,0,null);
Insert into ACC_ACCOUNTS (ACCOUNT_ID,ACCOUNT_NAME_AR,ACCOUNT_NATURE,ACCOUNT_TYPE,ACCOUNT_PARENT,SUB_ACCOUNT,ACCOUNT_LEVEL,ACC_DATE,COMPANY_ID,ACCOUNT_NAME_EN) values (304001,'مصروفات حكومية',1,2,304,0,null,null,0,null);
Insert into ACC_ACCOUNTS (ACCOUNT_ID,ACCOUNT_NAME_AR,ACCOUNT_NATURE,ACCOUNT_TYPE,ACCOUNT_PARENT,SUB_ACCOUNT,ACCOUNT_LEVEL,ACC_DATE,COMPANY_ID,ACCOUNT_NAME_EN) values (304001001,'مصروفات حكومية',1,2,304001,0,null,null,0,null);
Insert into ACC_ACCOUNTS (ACCOUNT_ID,ACCOUNT_NAME_AR,ACCOUNT_NATURE,ACCOUNT_TYPE,ACCOUNT_PARENT,SUB_ACCOUNT,ACCOUNT_LEVEL,ACC_DATE,COMPANY_ID,ACCOUNT_NAME_EN) values (304001001001,'ضريبة الدخل',1,2,304001001,1,null,null,0,null);
Insert into ACC_ACCOUNTS (ACCOUNT_ID,ACCOUNT_NAME_AR,ACCOUNT_NATURE,ACCOUNT_TYPE,ACCOUNT_PARENT,SUB_ACCOUNT,ACCOUNT_LEVEL,ACC_DATE,COMPANY_ID,ACCOUNT_NAME_EN) values (2,'الخصوم',2,1,null,0,1,null,0,'Liabilities');
Insert into ACC_ACCOUNTS (ACCOUNT_ID,ACCOUNT_NAME_AR,ACCOUNT_NATURE,ACCOUNT_TYPE,ACCOUNT_PARENT,SUB_ACCOUNT,ACCOUNT_LEVEL,ACC_DATE,COMPANY_ID,ACCOUNT_NAME_EN) values (4,'الإيرادات',2,2,null,0,1,null,0,'Incomes');
Insert into ACC_ACCOUNTS (ACCOUNT_ID,ACCOUNT_NAME_AR,ACCOUNT_NATURE,ACCOUNT_TYPE,ACCOUNT_PARENT,SUB_ACCOUNT,ACCOUNT_LEVEL,ACC_DATE,COMPANY_ID,ACCOUNT_NAME_EN) values (1,'الأصول',1,1,null,0,1,null,0,'Assets');
Insert into ACC_ACCOUNTS (ACCOUNT_ID,ACCOUNT_NAME_AR,ACCOUNT_NATURE,ACCOUNT_TYPE,ACCOUNT_PARENT,SUB_ACCOUNT,ACCOUNT_LEVEL,ACC_DATE,COMPANY_ID,ACCOUNT_NAME_EN) values (3,'المصروفات',1,2,null,0,1,null,0,'Expenses');
Insert into ACC_ACCOUNTS (ACCOUNT_ID,ACCOUNT_NAME_AR,ACCOUNT_NATURE,ACCOUNT_TYPE,ACCOUNT_PARENT,SUB_ACCOUNT,ACCOUNT_LEVEL,ACC_DATE,COMPANY_ID,ACCOUNT_NAME_EN) values (201004001001,'ضريبة القيمة المضافة للمبيعات',2,1,203001001,1,5,null,0,null);
Insert into ACC_ACCOUNTS (ACCOUNT_ID,ACCOUNT_NAME_AR,ACCOUNT_NATURE,ACCOUNT_TYPE,ACCOUNT_PARENT,SUB_ACCOUNT,ACCOUNT_LEVEL,ACC_DATE,COMPANY_ID,ACCOUNT_NAME_EN) values (201004,'حسابات نظامية',2,1,201,0,3,null,0,null);
Insert into ACC_ACCOUNTS (ACCOUNT_ID,ACCOUNT_NAME_AR,ACCOUNT_NATURE,ACCOUNT_TYPE,ACCOUNT_PARENT,SUB_ACCOUNT,ACCOUNT_LEVEL,ACC_DATE,COMPANY_ID,ACCOUNT_NAME_EN) values (201004001,'ضريبة القيمة المضافة',2,1,201004,0,4,null,0,null);
Insert into ACC_ACCOUNTS (ACCOUNT_ID,ACCOUNT_NAME_AR,ACCOUNT_NATURE,ACCOUNT_TYPE,ACCOUNT_PARENT,SUB_ACCOUNT,ACCOUNT_LEVEL,ACC_DATE,COMPANY_ID,ACCOUNT_NAME_EN) values (201004001002,'ضريبة القيمة المضافة للمشتريات',2,1,203001001,1,5,null,0,null);
Insert into ACC_ACCOUNTS (ACCOUNT_ID,ACCOUNT_NAME_AR,ACCOUNT_NATURE,ACCOUNT_TYPE,ACCOUNT_PARENT,SUB_ACCOUNT,ACCOUNT_LEVEL,ACC_DATE,COMPANY_ID,ACCOUNT_NAME_EN) values (201004001003,'تشوية ضريبة القيمة المضافة',2,1,203001001,1,5,null,0,null);
REM INSERTING into ACC_CASH_ACCOUNTS
SET DEFINE OFF;
Insert into ACC_CASH_ACCOUNTS (ACCOUNT_ID,RESPONSIBLE_USER_ID,COMPANY_ID) values (101001001001,null,0);
Insert into ACC_CASH_ACCOUNTS (ACCOUNT_ID,RESPONSIBLE_USER_ID,COMPANY_ID) values (101002001001,null,0);
Insert into ACC_CASH_ACCOUNTS (ACCOUNT_ID,RESPONSIBLE_USER_ID,COMPANY_ID) values (101002001002,null,0);
REM INSERTING into ACC_COST_CENTER
SET DEFINE OFF;
Insert into ACC_COST_CENTER (COST_CTR_ID,COST_CTR_NAME_AR,COST_CTR_PARENT,COST_CTR_LEVEL,IS_SUB_COST_CTR,CREATED_AT,COST_CTR_STATUS,COMPANY_ID,COST_CTR_NAME_EN) values (1,'مركز تكلفة الفرع الرئيسي',null,1,0,null,1,0,null);
REM INSERTING into ACC_JOURNAL
SET DEFINE OFF;
Insert into ACC_JOURNAL (ACC_JOURNAL_ID,JOURNAL_DATE,POSTED,NOTE,IS_CANCELED,COMPANY_ID,JOURNAL_TYPE) values (26,to_date('07-AUG-24','DD-MON-RR'),1,'VAT of Purchase Invoice Cash of Id: 9 of client: Najmat Tabah',null,0,6);
Insert into ACC_JOURNAL (ACC_JOURNAL_ID,JOURNAL_DATE,POSTED,NOTE,IS_CANCELED,COMPANY_ID,JOURNAL_TYPE) values (27,to_date('11-JUL-24','DD-MON-RR'),1,'VAT of Purchase Invoice Cash of Id: 7 of client: Najmat Tabah',null,0,6);
Insert into ACC_JOURNAL (ACC_JOURNAL_ID,JOURNAL_DATE,POSTED,NOTE,IS_CANCELED,COMPANY_ID,JOURNAL_TYPE) values (24,to_date('07-AUG-24','DD-MON-RR'),1,'VAT of Purchase Invoice Cash of Id: 9 of client: Najmat Tabah',null,0,6);
Insert into ACC_JOURNAL (ACC_JOURNAL_ID,JOURNAL_DATE,POSTED,NOTE,IS_CANCELED,COMPANY_ID,JOURNAL_TYPE) values (25,to_date('07-AUG-24','DD-MON-RR'),1,'VAT of Purchase Invoice Cash of Id: 9 of client: Najmat Tabah',null,0,6);
Insert into ACC_JOURNAL (ACC_JOURNAL_ID,JOURNAL_DATE,POSTED,NOTE,IS_CANCELED,COMPANY_ID,JOURNAL_TYPE) values (30,to_date('10-JUL-24','DD-MON-RR'),1,'VAT of Purchase Return Invoice Deferred of Id:  of client: Najmat Tabah',null,0,7);
Insert into ACC_JOURNAL (ACC_JOURNAL_ID,JOURNAL_DATE,POSTED,NOTE,IS_CANCELED,COMPANY_ID,JOURNAL_TYPE) values (40,to_date('11-JUL-24','DD-MON-RR'),1,'VAT of Purchase Invoice Cash of Id: 7 of client: Najmat Tabah',null,0,6);
Insert into ACC_JOURNAL (ACC_JOURNAL_ID,JOURNAL_DATE,POSTED,NOTE,IS_CANCELED,COMPANY_ID,JOURNAL_TYPE) values (41,to_date('10-JUL-24','DD-MON-RR'),1,'VAT of Purchase Invoice Cash of Id: 8 of client: Najmat Tabah',null,0,6);
Insert into ACC_JOURNAL (ACC_JOURNAL_ID,JOURNAL_DATE,POSTED,NOTE,IS_CANCELED,COMPANY_ID,JOURNAL_TYPE) values (51,to_date('19-SEP-24','DD-MON-RR'),1,'First Period Stock of Id: 7',null,0,10);
Insert into ACC_JOURNAL (ACC_JOURNAL_ID,JOURNAL_DATE,POSTED,NOTE,IS_CANCELED,COMPANY_ID,JOURNAL_TYPE) values (52,to_date('19-SEP-24','DD-MON-RR'),1,'VAT of Purchase Invoice Cash of Id:  of client: Najmat Tabah',null,0,6);
Insert into ACC_JOURNAL (ACC_JOURNAL_ID,JOURNAL_DATE,POSTED,NOTE,IS_CANCELED,COMPANY_ID,JOURNAL_TYPE) values (53,to_date('19-SEP-24','DD-MON-RR'),1,'VAT of Purchase Invoice Cash of Id: 1 of client: Najmat Tabah',null,0,6);
Insert into ACC_JOURNAL (ACC_JOURNAL_ID,JOURNAL_DATE,POSTED,NOTE,IS_CANCELED,COMPANY_ID,JOURNAL_TYPE) values (55,to_date('19-SEP-24','DD-MON-RR'),1,'VAT of Purchase Invoice Cash of Id: 21 of client: Najmat Tabah',null,0,6);
Insert into ACC_JOURNAL (ACC_JOURNAL_ID,JOURNAL_DATE,POSTED,NOTE,IS_CANCELED,COMPANY_ID,JOURNAL_TYPE) values (56,to_date('19-SEP-24','DD-MON-RR'),1,'VAT of Purchase Invoice Cash of Id: 11 of client: Najmat Tabah',null,0,6);
Insert into ACC_JOURNAL (ACC_JOURNAL_ID,JOURNAL_DATE,POSTED,NOTE,IS_CANCELED,COMPANY_ID,JOURNAL_TYPE) values (58,to_date('19-SEP-24','DD-MON-RR'),1,'VAT of Purchase Invoice Cash of Id: 31 of client: Najmat Tabah',null,0,6);
Insert into ACC_JOURNAL (ACC_JOURNAL_ID,JOURNAL_DATE,POSTED,NOTE,IS_CANCELED,COMPANY_ID,JOURNAL_TYPE) values (60,to_date('19-SEP-24','DD-MON-RR'),1,'VAT of Sales Invoice Cash of Id: 11 of client: Masarat Tibah',null,0,4);
Insert into ACC_JOURNAL (ACC_JOURNAL_ID,JOURNAL_DATE,POSTED,NOTE,IS_CANCELED,COMPANY_ID,JOURNAL_TYPE) values (22,to_date('31-JUL-24','DD-MON-RR'),1,null,null,0,1);
Insert into ACC_JOURNAL (ACC_JOURNAL_ID,JOURNAL_DATE,POSTED,NOTE,IS_CANCELED,COMPANY_ID,JOURNAL_TYPE) values (32,to_date('01-AUG-24','DD-MON-RR'),1,'VAT of Sales Return Invoice Cash of Id:  of client: Masarat Tibah',null,0,5);
Insert into ACC_JOURNAL (ACC_JOURNAL_ID,JOURNAL_DATE,POSTED,NOTE,IS_CANCELED,COMPANY_ID,JOURNAL_TYPE) values (35,to_date('28-AUG-24','DD-MON-RR'),1,'VAT of Sales Invoice Cash of Id: 2 of client: Masarat Tibah',null,0,4);
Insert into ACC_JOURNAL (ACC_JOURNAL_ID,JOURNAL_DATE,POSTED,NOTE,IS_CANCELED,COMPANY_ID,JOURNAL_TYPE) values (36,to_date('28-AUG-24','DD-MON-RR'),1,'VAT of Sales Invoice Cash of Id: 3 of client: Masarat Tibah',null,0,4);
Insert into ACC_JOURNAL (ACC_JOURNAL_ID,JOURNAL_DATE,POSTED,NOTE,IS_CANCELED,COMPANY_ID,JOURNAL_TYPE) values (37,to_date('28-AUG-24','DD-MON-RR'),1,'VAT of Sales Invoice Deferred of Id: 4 of client: Masarat Tibah',null,0,4);
Insert into ACC_JOURNAL (ACC_JOURNAL_ID,JOURNAL_DATE,POSTED,NOTE,IS_CANCELED,COMPANY_ID,JOURNAL_TYPE) values (61,to_date('19-SEP-24','DD-MON-RR'),1,'VAT of Sales Invoice Cash of Id: 21 of client: Masarat Tibah',null,0,4);
Insert into ACC_JOURNAL (ACC_JOURNAL_ID,JOURNAL_DATE,POSTED,NOTE,IS_CANCELED,COMPANY_ID,JOURNAL_TYPE) values (63,to_date('19-SEP-24','DD-MON-RR'),1,'First Period Stock of Id: 11',null,0,10);
Insert into ACC_JOURNAL (ACC_JOURNAL_ID,JOURNAL_DATE,POSTED,NOTE,IS_CANCELED,COMPANY_ID,JOURNAL_TYPE) values (23,to_date('07-AUG-24','DD-MON-RR'),1,'VAT of Purchase Invoice Cash of Id: 9 of client: Najmat Tabah',null,0,6);
Insert into ACC_JOURNAL (ACC_JOURNAL_ID,JOURNAL_DATE,POSTED,NOTE,IS_CANCELED,COMPANY_ID,JOURNAL_TYPE) values (28,to_date('07-AUG-24','DD-MON-RR'),1,'VAT of Purchase Invoice Cash of Id: 9 of client: Najmat Tabah',null,0,6);
Insert into ACC_JOURNAL (ACC_JOURNAL_ID,JOURNAL_DATE,POSTED,NOTE,IS_CANCELED,COMPANY_ID,JOURNAL_TYPE) values (31,to_date('11-AUG-24','DD-MON-RR'),1,'VAT of Sales Invoice Cash of Id:  of client: Masarat Tibah',null,0,4);
Insert into ACC_JOURNAL (ACC_JOURNAL_ID,JOURNAL_DATE,POSTED,NOTE,IS_CANCELED,COMPANY_ID,JOURNAL_TYPE) values (38,to_date('06-AUG-24','DD-MON-RR'),1,'VAT of Sales Return Invoice Cash of Id: 4 of client: Masarat Tibah',null,0,5);
Insert into ACC_JOURNAL (ACC_JOURNAL_ID,JOURNAL_DATE,POSTED,NOTE,IS_CANCELED,COMPANY_ID,JOURNAL_TYPE) values (42,to_date('19-SEP-24','DD-MON-RR'),1,'VAT of Sales Invoice Cash of Id: 6 of client: Masarat Tibah',null,0,4);
Insert into ACC_JOURNAL (ACC_JOURNAL_ID,JOURNAL_DATE,POSTED,NOTE,IS_CANCELED,COMPANY_ID,JOURNAL_TYPE) values (45,to_date('19-SEP-24','DD-MON-RR'),1,'VAT of Sales Return Invoice Cash of Id: 5 of client: Masarat Tibah',null,0,5);
Insert into ACC_JOURNAL (ACC_JOURNAL_ID,JOURNAL_DATE,POSTED,NOTE,IS_CANCELED,COMPANY_ID,JOURNAL_TYPE) values (46,to_date('19-SEP-24','DD-MON-RR'),1,'VAT of Sales Return Invoice Cash of Id: 4 of client: Masarat Tibah',null,0,5);
Insert into ACC_JOURNAL (ACC_JOURNAL_ID,JOURNAL_DATE,POSTED,NOTE,IS_CANCELED,COMPANY_ID,JOURNAL_TYPE) values (47,to_date('19-SEP-24','DD-MON-RR'),1,'VAT of Sales Return Invoice Cash of Id: 5 of client: Masarat Tibah',null,0,5);
Insert into ACC_JOURNAL (ACC_JOURNAL_ID,JOURNAL_DATE,POSTED,NOTE,IS_CANCELED,COMPANY_ID,JOURNAL_TYPE) values (49,to_date('19-SEP-24','DD-MON-RR'),1,'Stockin Order of Id: 4',null,0,12);
Insert into ACC_JOURNAL (ACC_JOURNAL_ID,JOURNAL_DATE,POSTED,NOTE,IS_CANCELED,COMPANY_ID,JOURNAL_TYPE) values (50,to_date('19-SEP-24','DD-MON-RR'),1,'First Period Stock of Id: 6',null,0,10);
Insert into ACC_JOURNAL (ACC_JOURNAL_ID,JOURNAL_DATE,POSTED,NOTE,IS_CANCELED,COMPANY_ID,JOURNAL_TYPE) values (34,to_date('20-AUG-24','DD-MON-RR'),1,'VAT of Sales Return Invoice Cash of Id: 2 of client: Masarat Tibah',null,0,5);
Insert into ACC_JOURNAL (ACC_JOURNAL_ID,JOURNAL_DATE,POSTED,NOTE,IS_CANCELED,COMPANY_ID,JOURNAL_TYPE) values (43,to_date('19-SEP-24','DD-MON-RR'),1,'VAT of Sales Invoice Cash of Id: 7 of client: Masarat Tibah',null,0,4);
Insert into ACC_JOURNAL (ACC_JOURNAL_ID,JOURNAL_DATE,POSTED,NOTE,IS_CANCELED,COMPANY_ID,JOURNAL_TYPE) values (21,to_date('10-JUL-24','DD-MON-RR'),0,'Cancel Dialog',null,0,1);
Insert into ACC_JOURNAL (ACC_JOURNAL_ID,JOURNAL_DATE,POSTED,NOTE,IS_CANCELED,COMPANY_ID,JOURNAL_TYPE) values (44,to_date('19-SEP-24','DD-MON-RR'),1,'VAT of Sales Invoice Cash of Id: 8 of client: Masarat Tibah',null,0,4);
Insert into ACC_JOURNAL (ACC_JOURNAL_ID,JOURNAL_DATE,POSTED,NOTE,IS_CANCELED,COMPANY_ID,JOURNAL_TYPE) values (48,to_date('04-SEP-24','DD-MON-RR'),1,'VAT of Sales Return Invoice Cash of Id: 6 of client: Masarat Tibah',null,0,5);
Insert into ACC_JOURNAL (ACC_JOURNAL_ID,JOURNAL_DATE,POSTED,NOTE,IS_CANCELED,COMPANY_ID,JOURNAL_TYPE) values (54,to_date('19-SEP-24','DD-MON-RR'),1,'VAT of Purchase Invoice Cash of Id: 2 of client: Najmat Tabah',null,0,6);
Insert into ACC_JOURNAL (ACC_JOURNAL_ID,JOURNAL_DATE,POSTED,NOTE,IS_CANCELED,COMPANY_ID,JOURNAL_TYPE) values (57,to_date('19-SEP-24','DD-MON-RR'),1,'VAT of Purchase Invoice Cash of Id: 3 of client: Najmat Tabah',null,0,6);
Insert into ACC_JOURNAL (ACC_JOURNAL_ID,JOURNAL_DATE,POSTED,NOTE,IS_CANCELED,COMPANY_ID,JOURNAL_TYPE) values (59,to_date('19-SEP-24','DD-MON-RR'),1,'VAT of Sales Return Invoice Cash of Id: 21 of client: Masarat Tibah',null,0,5);
Insert into ACC_JOURNAL (ACC_JOURNAL_ID,JOURNAL_DATE,POSTED,NOTE,IS_CANCELED,COMPANY_ID,JOURNAL_TYPE) values (29,to_date('10-JUL-24','DD-MON-RR'),1,'VAT of Purchase Return Invoice Cash of Id:  of client: Najmat Tabah',null,0,7);
Insert into ACC_JOURNAL (ACC_JOURNAL_ID,JOURNAL_DATE,POSTED,NOTE,IS_CANCELED,COMPANY_ID,JOURNAL_TYPE) values (33,to_date('05-AUG-24','DD-MON-RR'),1,'VAT of Sales Return Invoice Cash of Id: 1 of client: Masarat Tibah',null,0,5);
Insert into ACC_JOURNAL (ACC_JOURNAL_ID,JOURNAL_DATE,POSTED,NOTE,IS_CANCELED,COMPANY_ID,JOURNAL_TYPE) values (39,to_date('28-AUG-24','DD-MON-RR'),1,'VAT of Sales Invoice Cash of Id: 5 of client: Masarat Tibah',null,0,4);
Insert into ACC_JOURNAL (ACC_JOURNAL_ID,JOURNAL_DATE,POSTED,NOTE,IS_CANCELED,COMPANY_ID,JOURNAL_TYPE) values (62,to_date('19-SEP-24','DD-MON-RR'),1,'Stockin Order of Id: 11',null,0,12);
Insert into ACC_JOURNAL (ACC_JOURNAL_ID,JOURNAL_DATE,POSTED,NOTE,IS_CANCELED,COMPANY_ID,JOURNAL_TYPE) values (64,to_date('19-SEP-24','DD-MON-RR'),1,'VAT of Purchase Return Invoice Cash of Id: 21 of client: Najmat Tabah',null,0,7);
REM INSERTING into ACC_JOURNAL_DTL
SET DEFINE OFF;
Insert into ACC_JOURNAL_DTL (JOURNAL_DTL_ID,JOURNAL_ID,DEBIT,CREDIT,ACCOUNT_ID,NOTE,COST_CNTR_ID,REF_NO) values (168,25,22.174,0,201004001002,'VAT of Purchase Invoice Cash of Id: 9 of client: Najmat Tabah',1,null);
Insert into ACC_JOURNAL_DTL (JOURNAL_DTL_ID,JOURNAL_ID,DEBIT,CREDIT,ACCOUNT_ID,NOTE,COST_CNTR_ID,REF_NO) values (169,25,147.826,0,201004001002,'VAT of Purchase Invoice Cash of Id: 9 of client: Najmat Tabah',1,null);
Insert into ACC_JOURNAL_DTL (JOURNAL_DTL_ID,JOURNAL_ID,DEBIT,CREDIT,ACCOUNT_ID,NOTE,COST_CNTR_ID,REF_NO) values (170,26,0,50,101001001001,'Purchase Invoice Cash of Id: 9 of client: Najmat Tabah',1,null);
Insert into ACC_JOURNAL_DTL (JOURNAL_DTL_ID,JOURNAL_ID,DEBIT,CREDIT,ACCOUNT_ID,NOTE,COST_CNTR_ID,REF_NO) values (171,26,6.522,0,201004001002,'VAT of Purchase Invoice Cash of Id: 9 of client: Najmat Tabah',1,null);
Insert into ACC_JOURNAL_DTL (JOURNAL_DTL_ID,JOURNAL_ID,DEBIT,CREDIT,ACCOUNT_ID,NOTE,COST_CNTR_ID,REF_NO) values (172,26,43.478,0,201004001002,'VAT of Purchase Invoice Cash of Id: 9 of client: Najmat Tabah',1,null);
Insert into ACC_JOURNAL_DTL (JOURNAL_DTL_ID,JOURNAL_ID,DEBIT,CREDIT,ACCOUNT_ID,NOTE,COST_CNTR_ID,REF_NO) values (173,27,0,30,101001001001,'Purchase Invoice Cash of Id: 7 of client: Najmat Tabah',1,null);
Insert into ACC_JOURNAL_DTL (JOURNAL_DTL_ID,JOURNAL_ID,DEBIT,CREDIT,ACCOUNT_ID,NOTE,COST_CNTR_ID,REF_NO) values (174,27,3.913,0,201004001002,'VAT of Purchase Invoice Cash of Id: 7 of client: Najmat Tabah',1,null);
Insert into ACC_JOURNAL_DTL (JOURNAL_DTL_ID,JOURNAL_ID,DEBIT,CREDIT,ACCOUNT_ID,NOTE,COST_CNTR_ID,REF_NO) values (175,27,26.087,0,201004001002,'VAT of Purchase Invoice Cash of Id: 7 of client: Najmat Tabah',1,null);
Insert into ACC_JOURNAL_DTL (JOURNAL_DTL_ID,JOURNAL_ID,DEBIT,CREDIT,ACCOUNT_ID,NOTE,COST_CNTR_ID,REF_NO) values (164,24,0,50,101001001001,'Purchase Invoice Cash of Id: 9 of client: Najmat Tabah',1,null);
Insert into ACC_JOURNAL_DTL (JOURNAL_DTL_ID,JOURNAL_ID,DEBIT,CREDIT,ACCOUNT_ID,NOTE,COST_CNTR_ID,REF_NO) values (165,24,6.522,0,201004001002,'VAT of Purchase Invoice Cash of Id: 9 of client: Najmat Tabah',1,null);
Insert into ACC_JOURNAL_DTL (JOURNAL_DTL_ID,JOURNAL_ID,DEBIT,CREDIT,ACCOUNT_ID,NOTE,COST_CNTR_ID,REF_NO) values (166,24,43.478,0,201004001002,'VAT of Purchase Invoice Cash of Id: 9 of client: Najmat Tabah',1,null);
Insert into ACC_JOURNAL_DTL (JOURNAL_DTL_ID,JOURNAL_ID,DEBIT,CREDIT,ACCOUNT_ID,NOTE,COST_CNTR_ID,REF_NO) values (167,25,0,170,101001001001,'Purchase Invoice Cash of Id: 9 of client: Najmat Tabah',1,null);
Insert into ACC_JOURNAL_DTL (JOURNAL_DTL_ID,JOURNAL_ID,DEBIT,CREDIT,ACCOUNT_ID,NOTE,COST_CNTR_ID,REF_NO) values (182,30,42,0,201001,'Purchase Return Invoice Deferred of Id:  of client: Najmat Tabah',1,null);
Insert into ACC_JOURNAL_DTL (JOURNAL_DTL_ID,JOURNAL_ID,DEBIT,CREDIT,ACCOUNT_ID,NOTE,COST_CNTR_ID,REF_NO) values (183,30,3,0,101002001001,'Purchase Return Invoice Deferred of Id:  of client: Najmat Tabah',1,null);
Insert into ACC_JOURNAL_DTL (JOURNAL_DTL_ID,JOURNAL_ID,DEBIT,CREDIT,ACCOUNT_ID,NOTE,COST_CNTR_ID,REF_NO) values (184,30,0,6.522,201004001002,'VAT of Purchase Return Invoice Deferred of Id:  of client: Najmat Tabah',1,null);
Insert into ACC_JOURNAL_DTL (JOURNAL_DTL_ID,JOURNAL_ID,DEBIT,CREDIT,ACCOUNT_ID,NOTE,COST_CNTR_ID,REF_NO) values (185,30,0,43.478,201004001002,'VAT of Purchase Return Invoice Deferred of Id:  of client: Najmat Tabah',1,null);
Insert into ACC_JOURNAL_DTL (JOURNAL_DTL_ID,JOURNAL_ID,DEBIT,CREDIT,ACCOUNT_ID,NOTE,COST_CNTR_ID,REF_NO) values (261,40,0,1500,101001001001,'Purchase Invoice Cash of Id: 7 of client: Najmat Tabah',1,null);
Insert into ACC_JOURNAL_DTL (JOURNAL_DTL_ID,JOURNAL_ID,DEBIT,CREDIT,ACCOUNT_ID,NOTE,COST_CNTR_ID,REF_NO) values (262,40,195.652,0,201004001002,'VAT of Purchase Invoice Cash of Id: 7 of client: Najmat Tabah',1,null);
Insert into ACC_JOURNAL_DTL (JOURNAL_DTL_ID,JOURNAL_ID,DEBIT,CREDIT,ACCOUNT_ID,NOTE,COST_CNTR_ID,REF_NO) values (263,40,1304.348,0,201004001002,'VAT of Purchase Invoice Cash of Id: 7 of client: Najmat Tabah',1,null);
Insert into ACC_JOURNAL_DTL (JOURNAL_DTL_ID,JOURNAL_ID,DEBIT,CREDIT,ACCOUNT_ID,NOTE,COST_CNTR_ID,REF_NO) values (264,41,0,600,101001001001,'Purchase Invoice Cash of Id: 8 of client: Najmat Tabah',1,null);
Insert into ACC_JOURNAL_DTL (JOURNAL_DTL_ID,JOURNAL_ID,DEBIT,CREDIT,ACCOUNT_ID,NOTE,COST_CNTR_ID,REF_NO) values (265,41,78.261,0,201004001002,'VAT of Purchase Invoice Cash of Id: 8 of client: Najmat Tabah',1,null);
Insert into ACC_JOURNAL_DTL (JOURNAL_DTL_ID,JOURNAL_ID,DEBIT,CREDIT,ACCOUNT_ID,NOTE,COST_CNTR_ID,REF_NO) values (266,41,521.739,0,201004001002,'VAT of Purchase Invoice Cash of Id: 8 of client: Najmat Tabah',1,null);
Insert into ACC_JOURNAL_DTL (JOURNAL_DTL_ID,JOURNAL_ID,DEBIT,CREDIT,ACCOUNT_ID,NOTE,COST_CNTR_ID,REF_NO) values (306,51,0,30,101006001001,'First Period Stock of Id: 7',1,null);
Insert into ACC_JOURNAL_DTL (JOURNAL_DTL_ID,JOURNAL_ID,DEBIT,CREDIT,ACCOUNT_ID,NOTE,COST_CNTR_ID,REF_NO) values (307,51,30,0,1,'First Period Stock of Id: 7',1,null);
Insert into ACC_JOURNAL_DTL (JOURNAL_DTL_ID,JOURNAL_ID,DEBIT,CREDIT,ACCOUNT_ID,NOTE,COST_CNTR_ID,REF_NO) values (308,52,0,20,101001001001,'Purchase Invoice Cash of Id:  of client: Najmat Tabah',1,null);
Insert into ACC_JOURNAL_DTL (JOURNAL_DTL_ID,JOURNAL_ID,DEBIT,CREDIT,ACCOUNT_ID,NOTE,COST_CNTR_ID,REF_NO) values (309,52,2.609,0,201004001002,'VAT of Purchase Invoice Cash of Id:  of client: Najmat Tabah',1,null);
Insert into ACC_JOURNAL_DTL (JOURNAL_DTL_ID,JOURNAL_ID,DEBIT,CREDIT,ACCOUNT_ID,NOTE,COST_CNTR_ID,REF_NO) values (310,52,17.391,0,111,'VAT of Purchase Invoice Cash of Id:  of client: Najmat Tabah',1,null);
Insert into ACC_JOURNAL_DTL (JOURNAL_DTL_ID,JOURNAL_ID,DEBIT,CREDIT,ACCOUNT_ID,NOTE,COST_CNTR_ID,REF_NO) values (311,53,0,20,101001001001,'Purchase Invoice Cash of Id: 1 of client: Najmat Tabah',1,null);
Insert into ACC_JOURNAL_DTL (JOURNAL_DTL_ID,JOURNAL_ID,DEBIT,CREDIT,ACCOUNT_ID,NOTE,COST_CNTR_ID,REF_NO) values (312,53,2.609,0,201004001002,'VAT of Purchase Invoice Cash of Id: 1 of client: Najmat Tabah',1,null);
Insert into ACC_JOURNAL_DTL (JOURNAL_DTL_ID,JOURNAL_ID,DEBIT,CREDIT,ACCOUNT_ID,NOTE,COST_CNTR_ID,REF_NO) values (313,53,17.391,0,111,'VAT of Purchase Invoice Cash of Id: 1 of client: Najmat Tabah',1,null);
Insert into ACC_JOURNAL_DTL (JOURNAL_DTL_ID,JOURNAL_ID,DEBIT,CREDIT,ACCOUNT_ID,NOTE,COST_CNTR_ID,REF_NO) values (317,55,0,180,101001001001,'Purchase Invoice Cash of Id: 21 of client: Najmat Tabah',1,null);
Insert into ACC_JOURNAL_DTL (JOURNAL_DTL_ID,JOURNAL_ID,DEBIT,CREDIT,ACCOUNT_ID,NOTE,COST_CNTR_ID,REF_NO) values (318,55,23.478,0,201004001002,'VAT of Purchase Invoice Cash of Id: 21 of client: Najmat Tabah',1,null);
Insert into ACC_JOURNAL_DTL (JOURNAL_DTL_ID,JOURNAL_ID,DEBIT,CREDIT,ACCOUNT_ID,NOTE,COST_CNTR_ID,REF_NO) values (319,55,156.522,0,111,'VAT of Purchase Invoice Cash of Id: 21 of client: Najmat Tabah',1,null);
Insert into ACC_JOURNAL_DTL (JOURNAL_DTL_ID,JOURNAL_ID,DEBIT,CREDIT,ACCOUNT_ID,NOTE,COST_CNTR_ID,REF_NO) values (320,56,0,140,101001001001,'Purchase Invoice Cash of Id: 11 of client: Najmat Tabah',1,null);
Insert into ACC_JOURNAL_DTL (JOURNAL_DTL_ID,JOURNAL_ID,DEBIT,CREDIT,ACCOUNT_ID,NOTE,COST_CNTR_ID,REF_NO) values (321,56,18.261,0,201004001002,'VAT of Purchase Invoice Cash of Id: 11 of client: Najmat Tabah',1,null);
Insert into ACC_JOURNAL_DTL (JOURNAL_DTL_ID,JOURNAL_ID,DEBIT,CREDIT,ACCOUNT_ID,NOTE,COST_CNTR_ID,REF_NO) values (322,56,121.739,0,111,'VAT of Purchase Invoice Cash of Id: 11 of client: Najmat Tabah',1,null);
Insert into ACC_JOURNAL_DTL (JOURNAL_DTL_ID,JOURNAL_ID,DEBIT,CREDIT,ACCOUNT_ID,NOTE,COST_CNTR_ID,REF_NO) values (326,58,0,1350,101001001001,'Purchase Invoice Cash of Id: 31 of client: Najmat Tabah',1,null);
Insert into ACC_JOURNAL_DTL (JOURNAL_DTL_ID,JOURNAL_ID,DEBIT,CREDIT,ACCOUNT_ID,NOTE,COST_CNTR_ID,REF_NO) values (327,58,176.087,0,201004001002,'VAT of Purchase Invoice Cash of Id: 31 of client: Najmat Tabah',1,null);
Insert into ACC_JOURNAL_DTL (JOURNAL_DTL_ID,JOURNAL_ID,DEBIT,CREDIT,ACCOUNT_ID,NOTE,COST_CNTR_ID,REF_NO) values (328,58,1173.913,0,111,'VAT of Purchase Invoice Cash of Id: 31 of client: Najmat Tabah',1,null);
Insert into ACC_JOURNAL_DTL (JOURNAL_DTL_ID,JOURNAL_ID,DEBIT,CREDIT,ACCOUNT_ID,NOTE,COST_CNTR_ID,REF_NO) values (332,60,2340,0,101001001001,'Sales Invoice Cash of Id: 11 of client: Masarat Tibah',1,null);
Insert into ACC_JOURNAL_DTL (JOURNAL_DTL_ID,JOURNAL_ID,DEBIT,CREDIT,ACCOUNT_ID,NOTE,COST_CNTR_ID,REF_NO) values (333,60,0,305.217,201004001001,'VAT of Sales Invoice Cash of Id: 11 of client: Masarat Tibah',1,null);
Insert into ACC_JOURNAL_DTL (JOURNAL_DTL_ID,JOURNAL_ID,DEBIT,CREDIT,ACCOUNT_ID,NOTE,COST_CNTR_ID,REF_NO) values (334,60,0,2034.783,111,'VAT of Sales Invoice Cash of Id: 11 of client: Masarat Tibah',1,null);
Insert into ACC_JOURNAL_DTL (JOURNAL_DTL_ID,JOURNAL_ID,DEBIT,CREDIT,ACCOUNT_ID,NOTE,COST_CNTR_ID,REF_NO) values (141,22,0,20,101001001001,'0',1,null);
Insert into ACC_JOURNAL_DTL (JOURNAL_DTL_ID,JOURNAL_ID,DEBIT,CREDIT,ACCOUNT_ID,NOTE,COST_CNTR_ID,REF_NO) values (142,22,2.609,0,101008001001,'0',1,null);
Insert into ACC_JOURNAL_DTL (JOURNAL_DTL_ID,JOURNAL_ID,DEBIT,CREDIT,ACCOUNT_ID,NOTE,COST_CNTR_ID,REF_NO) values (143,22,17.391,0,111,'0',1,null);
Insert into ACC_JOURNAL_DTL (JOURNAL_DTL_ID,JOURNAL_ID,DEBIT,CREDIT,ACCOUNT_ID,NOTE,COST_CNTR_ID,REF_NO) values (221,32,0,810,101001001001,'Sales Return Invoice Cash of Id:  of client: Masarat Tibah',1,null);
Insert into ACC_JOURNAL_DTL (JOURNAL_DTL_ID,JOURNAL_ID,DEBIT,CREDIT,ACCOUNT_ID,NOTE,COST_CNTR_ID,REF_NO) values (222,32,105.652,0,201004001001,'VAT of Sales Return Invoice Cash of Id:  of client: Masarat Tibah',1,null);
Insert into ACC_JOURNAL_DTL (JOURNAL_DTL_ID,JOURNAL_ID,DEBIT,CREDIT,ACCOUNT_ID,NOTE,COST_CNTR_ID,REF_NO) values (223,32,704.348,0,201004001001,'VAT of Sales Return Invoice Cash of Id:  of client: Masarat Tibah',1,null);
Insert into ACC_JOURNAL_DTL (JOURNAL_DTL_ID,JOURNAL_ID,DEBIT,CREDIT,ACCOUNT_ID,NOTE,COST_CNTR_ID,REF_NO) values (230,35,500,0,101001001001,'Sales Invoice Cash of Id: 2 of client: Masarat Tibah',1,null);
Insert into ACC_JOURNAL_DTL (JOURNAL_DTL_ID,JOURNAL_ID,DEBIT,CREDIT,ACCOUNT_ID,NOTE,COST_CNTR_ID,REF_NO) values (231,35,0,65.217,201004001001,'VAT of Sales Invoice Cash of Id: 2 of client: Masarat Tibah',1,null);
Insert into ACC_JOURNAL_DTL (JOURNAL_DTL_ID,JOURNAL_ID,DEBIT,CREDIT,ACCOUNT_ID,NOTE,COST_CNTR_ID,REF_NO) values (232,35,0,434.783,201004001001,'VAT of Sales Invoice Cash of Id: 2 of client: Masarat Tibah',1,null);
Insert into ACC_JOURNAL_DTL (JOURNAL_DTL_ID,JOURNAL_ID,DEBIT,CREDIT,ACCOUNT_ID,NOTE,COST_CNTR_ID,REF_NO) values (233,36,540,0,101002001001,'Sales Invoice Cash of Id: 3 of client: Masarat Tibah',1,null);
Insert into ACC_JOURNAL_DTL (JOURNAL_DTL_ID,JOURNAL_ID,DEBIT,CREDIT,ACCOUNT_ID,NOTE,COST_CNTR_ID,REF_NO) values (234,36,0,70.435,201004001001,'VAT of Sales Invoice Cash of Id: 3 of client: Masarat Tibah',1,null);
Insert into ACC_JOURNAL_DTL (JOURNAL_DTL_ID,JOURNAL_ID,DEBIT,CREDIT,ACCOUNT_ID,NOTE,COST_CNTR_ID,REF_NO) values (235,36,0,469.565,201004001001,'VAT of Sales Invoice Cash of Id: 3 of client: Masarat Tibah',1,null);
Insert into ACC_JOURNAL_DTL (JOURNAL_DTL_ID,JOURNAL_ID,DEBIT,CREDIT,ACCOUNT_ID,NOTE,COST_CNTR_ID,REF_NO) values (236,37,270,0,null,'Sales Invoice Deferred of Id: 4 of client: Masarat Tibah',1,null);
Insert into ACC_JOURNAL_DTL (JOURNAL_DTL_ID,JOURNAL_ID,DEBIT,CREDIT,ACCOUNT_ID,NOTE,COST_CNTR_ID,REF_NO) values (237,37,0,35.217,201004001001,'VAT of Sales Invoice Deferred of Id: 4 of client: Masarat Tibah',1,null);
Insert into ACC_JOURNAL_DTL (JOURNAL_DTL_ID,JOURNAL_ID,DEBIT,CREDIT,ACCOUNT_ID,NOTE,COST_CNTR_ID,REF_NO) values (238,37,0,234.783,201004001001,'VAT of Sales Invoice Deferred of Id: 4 of client: Masarat Tibah',1,null);
Insert into ACC_JOURNAL_DTL (JOURNAL_DTL_ID,JOURNAL_ID,DEBIT,CREDIT,ACCOUNT_ID,NOTE,COST_CNTR_ID,REF_NO) values (335,61,1500,0,101001001001,'Sales Invoice Cash of Id: 21 of client: Masarat Tibah',1,null);
Insert into ACC_JOURNAL_DTL (JOURNAL_DTL_ID,JOURNAL_ID,DEBIT,CREDIT,ACCOUNT_ID,NOTE,COST_CNTR_ID,REF_NO) values (336,61,0,195.652,201004001001,'VAT of Sales Invoice Cash of Id: 21 of client: Masarat Tibah',1,null);
Insert into ACC_JOURNAL_DTL (JOURNAL_DTL_ID,JOURNAL_ID,DEBIT,CREDIT,ACCOUNT_ID,NOTE,COST_CNTR_ID,REF_NO) values (337,61,0,1304.348,111,'VAT of Sales Invoice Cash of Id: 21 of client: Masarat Tibah',1,null);
Insert into ACC_JOURNAL_DTL (JOURNAL_DTL_ID,JOURNAL_ID,DEBIT,CREDIT,ACCOUNT_ID,NOTE,COST_CNTR_ID,REF_NO) values (340,63,0,2670,101006001001,'First Period Stock of Id: 11',1,null);
Insert into ACC_JOURNAL_DTL (JOURNAL_DTL_ID,JOURNAL_ID,DEBIT,CREDIT,ACCOUNT_ID,NOTE,COST_CNTR_ID,REF_NO) values (341,63,2670,0,2,'First Period Stock of Id: 11',1,null);
Insert into ACC_JOURNAL_DTL (JOURNAL_DTL_ID,JOURNAL_ID,DEBIT,CREDIT,ACCOUNT_ID,NOTE,COST_CNTR_ID,REF_NO) values (177,28,6.522,0,201004001002,'VAT of Purchase Invoice Cash of Id: 9 of client: Najmat Tabah',1,null);
Insert into ACC_JOURNAL_DTL (JOURNAL_DTL_ID,JOURNAL_ID,DEBIT,CREDIT,ACCOUNT_ID,NOTE,COST_CNTR_ID,REF_NO) values (178,28,43.478,0,201004001002,'VAT of Purchase Invoice Cash of Id: 9 of client: Najmat Tabah',1,null);
Insert into ACC_JOURNAL_DTL (JOURNAL_DTL_ID,JOURNAL_ID,DEBIT,CREDIT,ACCOUNT_ID,NOTE,COST_CNTR_ID,REF_NO) values (201,31,30,0,101001001001,'Sales Invoice Cash of Id:  of client: Masarat Tibah',1,null);
Insert into ACC_JOURNAL_DTL (JOURNAL_DTL_ID,JOURNAL_ID,DEBIT,CREDIT,ACCOUNT_ID,NOTE,COST_CNTR_ID,REF_NO) values (202,31,0,3.913,201004001001,'VAT of Sales Invoice Cash of Id:  of client: Masarat Tibah',1,null);
Insert into ACC_JOURNAL_DTL (JOURNAL_DTL_ID,JOURNAL_ID,DEBIT,CREDIT,ACCOUNT_ID,NOTE,COST_CNTR_ID,REF_NO) values (203,31,0,26.087,201004001001,'VAT of Sales Invoice Cash of Id:  of client: Masarat Tibah',1,null);
Insert into ACC_JOURNAL_DTL (JOURNAL_DTL_ID,JOURNAL_ID,DEBIT,CREDIT,ACCOUNT_ID,NOTE,COST_CNTR_ID,REF_NO) values (239,38,0,30,101001001001,'Sales Return Invoice Cash of Id: 4 of client: Masarat Tibah',1,null);
Insert into ACC_JOURNAL_DTL (JOURNAL_DTL_ID,JOURNAL_ID,DEBIT,CREDIT,ACCOUNT_ID,NOTE,COST_CNTR_ID,REF_NO) values (240,38,3.913,0,201004001001,'VAT of Sales Return Invoice Cash of Id: 4 of client: Masarat Tibah',1,null);
Insert into ACC_JOURNAL_DTL (JOURNAL_DTL_ID,JOURNAL_ID,DEBIT,CREDIT,ACCOUNT_ID,NOTE,COST_CNTR_ID,REF_NO) values (241,38,26.087,0,201004001001,'VAT of Sales Return Invoice Cash of Id: 4 of client: Masarat Tibah',1,null);
Insert into ACC_JOURNAL_DTL (JOURNAL_DTL_ID,JOURNAL_ID,DEBIT,CREDIT,ACCOUNT_ID,NOTE,COST_CNTR_ID,REF_NO) values (281,42,30,0,101001001001,'Sales Invoice Cash of Id: 6 of client: Masarat Tibah',1,null);
Insert into ACC_JOURNAL_DTL (JOURNAL_DTL_ID,JOURNAL_ID,DEBIT,CREDIT,ACCOUNT_ID,NOTE,COST_CNTR_ID,REF_NO) values (282,42,0,3.913,201004001001,'VAT of Sales Invoice Cash of Id: 6 of client: Masarat Tibah',1,null);
Insert into ACC_JOURNAL_DTL (JOURNAL_DTL_ID,JOURNAL_ID,DEBIT,CREDIT,ACCOUNT_ID,NOTE,COST_CNTR_ID,REF_NO) values (283,42,0,26.087,111,'VAT of Sales Invoice Cash of Id: 6 of client: Masarat Tibah',1,null);
Insert into ACC_JOURNAL_DTL (JOURNAL_DTL_ID,JOURNAL_ID,DEBIT,CREDIT,ACCOUNT_ID,NOTE,COST_CNTR_ID,REF_NO) values (290,45,0,30,101001001001,'Sales Return Invoice Cash of Id: 5 of client: Masarat Tibah',1,null);
Insert into ACC_JOURNAL_DTL (JOURNAL_DTL_ID,JOURNAL_ID,DEBIT,CREDIT,ACCOUNT_ID,NOTE,COST_CNTR_ID,REF_NO) values (291,45,3.913,0,201004001001,'VAT of Sales Return Invoice Cash of Id: 5 of client: Masarat Tibah',1,null);
Insert into ACC_JOURNAL_DTL (JOURNAL_DTL_ID,JOURNAL_ID,DEBIT,CREDIT,ACCOUNT_ID,NOTE,COST_CNTR_ID,REF_NO) values (292,45,26.087,0,111,'VAT of Sales Return Invoice Cash of Id: 5 of client: Masarat Tibah',1,null);
Insert into ACC_JOURNAL_DTL (JOURNAL_DTL_ID,JOURNAL_ID,DEBIT,CREDIT,ACCOUNT_ID,NOTE,COST_CNTR_ID,REF_NO) values (293,46,0,40,101001001001,'Sales Return Invoice Cash of Id: 4 of client: Masarat Tibah',1,null);
Insert into ACC_JOURNAL_DTL (JOURNAL_DTL_ID,JOURNAL_ID,DEBIT,CREDIT,ACCOUNT_ID,NOTE,COST_CNTR_ID,REF_NO) values (161,23,0,20,101001001001,'Purchase Invoice Cash of Id: 9 of client: Najmat Tabah',1,null);
Insert into ACC_JOURNAL_DTL (JOURNAL_DTL_ID,JOURNAL_ID,DEBIT,CREDIT,ACCOUNT_ID,NOTE,COST_CNTR_ID,REF_NO) values (162,23,2.609,0,201004001002,'VAT of Purchase Invoice Cash of Id: 9 of client: Najmat Tabah VAT of Purchase Invoice Cash of Id: 9 of client: Najmat Tabah VAT of Purchase Invoice Cash of Id: 9 of client: Najmat Tabah',1,null);
Insert into ACC_JOURNAL_DTL (JOURNAL_DTL_ID,JOURNAL_ID,DEBIT,CREDIT,ACCOUNT_ID,NOTE,COST_CNTR_ID,REF_NO) values (163,23,17.391,0,201004001002,'VAT of Purchase Invoice Cash of Id: 9 of client: Najmat Tabah VAT of Purchase Invoice Cash of Id: 9 of client: Najmat Tabah VAT of Purchase Invoice Cash of Id: 9 of client: Najmat Tabah',1,null);
Insert into ACC_JOURNAL_DTL (JOURNAL_DTL_ID,JOURNAL_ID,DEBIT,CREDIT,ACCOUNT_ID,NOTE,COST_CNTR_ID,REF_NO) values (176,28,0,50,101001001001,'Purchase Invoice Cash of Id: 9 of client: Najmat Tabah',1,null);
Insert into ACC_JOURNAL_DTL (JOURNAL_DTL_ID,JOURNAL_ID,DEBIT,CREDIT,ACCOUNT_ID,NOTE,COST_CNTR_ID,REF_NO) values (294,46,5.217,0,201004001001,'VAT of Sales Return Invoice Cash of Id: 4 of client: Masarat Tibah',1,null);
Insert into ACC_JOURNAL_DTL (JOURNAL_DTL_ID,JOURNAL_ID,DEBIT,CREDIT,ACCOUNT_ID,NOTE,COST_CNTR_ID,REF_NO) values (295,46,34.783,0,111,'VAT of Sales Return Invoice Cash of Id: 4 of client: Masarat Tibah',1,null);
Insert into ACC_JOURNAL_DTL (JOURNAL_DTL_ID,JOURNAL_ID,DEBIT,CREDIT,ACCOUNT_ID,NOTE,COST_CNTR_ID,REF_NO) values (296,47,0,240,101001001001,'Sales Return Invoice Cash of Id: 5 of client: Masarat Tibah',1,null);
Insert into ACC_JOURNAL_DTL (JOURNAL_DTL_ID,JOURNAL_ID,DEBIT,CREDIT,ACCOUNT_ID,NOTE,COST_CNTR_ID,REF_NO) values (297,47,31.304,0,201004001001,'VAT of Sales Return Invoice Cash of Id: 5 of client: Masarat Tibah',1,null);
Insert into ACC_JOURNAL_DTL (JOURNAL_DTL_ID,JOURNAL_ID,DEBIT,CREDIT,ACCOUNT_ID,NOTE,COST_CNTR_ID,REF_NO) values (298,47,208.696,0,111,'VAT of Sales Return Invoice Cash of Id: 5 of client: Masarat Tibah',1,null);
Insert into ACC_JOURNAL_DTL (JOURNAL_DTL_ID,JOURNAL_ID,DEBIT,CREDIT,ACCOUNT_ID,NOTE,COST_CNTR_ID,REF_NO) values (302,49,20,0,101006001001,'Stockin Order of Id: 4',1,null);
Insert into ACC_JOURNAL_DTL (JOURNAL_DTL_ID,JOURNAL_ID,DEBIT,CREDIT,ACCOUNT_ID,NOTE,COST_CNTR_ID,REF_NO) values (303,49,0,20,null,'Stockin Order of Id: 4',1,null);
Insert into ACC_JOURNAL_DTL (JOURNAL_DTL_ID,JOURNAL_ID,DEBIT,CREDIT,ACCOUNT_ID,NOTE,COST_CNTR_ID,REF_NO) values (304,50,0,20,101006001001,'First Period Stock of Id: 6',1,null);
Insert into ACC_JOURNAL_DTL (JOURNAL_DTL_ID,JOURNAL_ID,DEBIT,CREDIT,ACCOUNT_ID,NOTE,COST_CNTR_ID,REF_NO) values (305,50,20,0,4,'First Period Stock of Id: 6',1,null);
Insert into ACC_JOURNAL_DTL (JOURNAL_DTL_ID,JOURNAL_ID,DEBIT,CREDIT,ACCOUNT_ID,NOTE,COST_CNTR_ID,REF_NO) values (227,34,0,480,101001001001,'Sales Return Invoice Cash of Id: 2 of client: Masarat Tibah',1,null);
Insert into ACC_JOURNAL_DTL (JOURNAL_DTL_ID,JOURNAL_ID,DEBIT,CREDIT,ACCOUNT_ID,NOTE,COST_CNTR_ID,REF_NO) values (228,34,62.609,0,201004001001,'VAT of Sales Return Invoice Cash of Id: 2 of client: Masarat Tibah',1,null);
Insert into ACC_JOURNAL_DTL (JOURNAL_DTL_ID,JOURNAL_ID,DEBIT,CREDIT,ACCOUNT_ID,NOTE,COST_CNTR_ID,REF_NO) values (229,34,417.391,0,201004001001,'VAT of Sales Return Invoice Cash of Id: 2 of client: Masarat Tibah',1,null);
Insert into ACC_JOURNAL_DTL (JOURNAL_DTL_ID,JOURNAL_ID,DEBIT,CREDIT,ACCOUNT_ID,NOTE,COST_CNTR_ID,REF_NO) values (284,43,150,0,101001001001,'Sales Invoice Cash of Id: 7 of client: Masarat Tibah',1,null);
Insert into ACC_JOURNAL_DTL (JOURNAL_DTL_ID,JOURNAL_ID,DEBIT,CREDIT,ACCOUNT_ID,NOTE,COST_CNTR_ID,REF_NO) values (285,43,0,19.565,201004001001,'VAT of Sales Invoice Cash of Id: 7 of client: Masarat Tibah',1,null);
Insert into ACC_JOURNAL_DTL (JOURNAL_DTL_ID,JOURNAL_ID,DEBIT,CREDIT,ACCOUNT_ID,NOTE,COST_CNTR_ID,REF_NO) values (286,43,0,130.435,111,'VAT of Sales Invoice Cash of Id: 7 of client: Masarat Tibah',1,null);
Insert into ACC_JOURNAL_DTL (JOURNAL_DTL_ID,JOURNAL_ID,DEBIT,CREDIT,ACCOUNT_ID,NOTE,COST_CNTR_ID,REF_NO) values (287,44,40,0,101001001001,'Sales Invoice Cash of Id: 8 of client: Masarat Tibah',1,null);
Insert into ACC_JOURNAL_DTL (JOURNAL_DTL_ID,JOURNAL_ID,DEBIT,CREDIT,ACCOUNT_ID,NOTE,COST_CNTR_ID,REF_NO) values (288,44,0,5.217,201004001001,'VAT of Sales Invoice Cash of Id: 8 of client: Masarat Tibah',1,null);
Insert into ACC_JOURNAL_DTL (JOURNAL_DTL_ID,JOURNAL_ID,DEBIT,CREDIT,ACCOUNT_ID,NOTE,COST_CNTR_ID,REF_NO) values (121,21,413,null,101002001002,null,null,null);
Insert into ACC_JOURNAL_DTL (JOURNAL_DTL_ID,JOURNAL_ID,DEBIT,CREDIT,ACCOUNT_ID,NOTE,COST_CNTR_ID,REF_NO) values (122,21,null,413,401001001001,null,null,null);
Insert into ACC_JOURNAL_DTL (JOURNAL_DTL_ID,JOURNAL_ID,DEBIT,CREDIT,ACCOUNT_ID,NOTE,COST_CNTR_ID,REF_NO) values (289,44,0,34.783,111,'VAT of Sales Invoice Cash of Id: 8 of client: Masarat Tibah',1,null);
Insert into ACC_JOURNAL_DTL (JOURNAL_DTL_ID,JOURNAL_ID,DEBIT,CREDIT,ACCOUNT_ID,NOTE,COST_CNTR_ID,REF_NO) values (299,48,0,270,101001001001,'Sales Return Invoice Cash of Id: 6 of client: Masarat Tibah',1,null);
Insert into ACC_JOURNAL_DTL (JOURNAL_DTL_ID,JOURNAL_ID,DEBIT,CREDIT,ACCOUNT_ID,NOTE,COST_CNTR_ID,REF_NO) values (300,48,35.217,0,201004001001,'VAT of Sales Return Invoice Cash of Id: 6 of client: Masarat Tibah',1,null);
Insert into ACC_JOURNAL_DTL (JOURNAL_DTL_ID,JOURNAL_ID,DEBIT,CREDIT,ACCOUNT_ID,NOTE,COST_CNTR_ID,REF_NO) values (301,48,234.783,0,111,'VAT of Sales Return Invoice Cash of Id: 6 of client: Masarat Tibah',1,null);
Insert into ACC_JOURNAL_DTL (JOURNAL_DTL_ID,JOURNAL_ID,DEBIT,CREDIT,ACCOUNT_ID,NOTE,COST_CNTR_ID,REF_NO) values (314,54,0,240,101001001001,'Purchase Invoice Cash of Id: 2 of client: Najmat Tabah',1,null);
Insert into ACC_JOURNAL_DTL (JOURNAL_DTL_ID,JOURNAL_ID,DEBIT,CREDIT,ACCOUNT_ID,NOTE,COST_CNTR_ID,REF_NO) values (315,54,31.304,0,201004001002,'VAT of Purchase Invoice Cash of Id: 2 of client: Najmat Tabah',1,null);
Insert into ACC_JOURNAL_DTL (JOURNAL_DTL_ID,JOURNAL_ID,DEBIT,CREDIT,ACCOUNT_ID,NOTE,COST_CNTR_ID,REF_NO) values (316,54,208.696,0,111,'VAT of Purchase Invoice Cash of Id: 2 of client: Najmat Tabah',1,null);
Insert into ACC_JOURNAL_DTL (JOURNAL_DTL_ID,JOURNAL_ID,DEBIT,CREDIT,ACCOUNT_ID,NOTE,COST_CNTR_ID,REF_NO) values (323,57,0,1350,101001001001,'Purchase Invoice Cash of Id: 3 of client: Najmat Tabah',1,null);
Insert into ACC_JOURNAL_DTL (JOURNAL_DTL_ID,JOURNAL_ID,DEBIT,CREDIT,ACCOUNT_ID,NOTE,COST_CNTR_ID,REF_NO) values (324,57,176.087,0,201004001002,'VAT of Purchase Invoice Cash of Id: 3 of client: Najmat Tabah',1,null);
Insert into ACC_JOURNAL_DTL (JOURNAL_DTL_ID,JOURNAL_ID,DEBIT,CREDIT,ACCOUNT_ID,NOTE,COST_CNTR_ID,REF_NO) values (325,57,1173.913,0,111,'VAT of Purchase Invoice Cash of Id: 3 of client: Najmat Tabah',1,null);
Insert into ACC_JOURNAL_DTL (JOURNAL_DTL_ID,JOURNAL_ID,DEBIT,CREDIT,ACCOUNT_ID,NOTE,COST_CNTR_ID,REF_NO) values (329,59,0,1500,101001001001,'Sales Return Invoice Cash of Id: 21 of client: Masarat Tibah',1,null);
Insert into ACC_JOURNAL_DTL (JOURNAL_DTL_ID,JOURNAL_ID,DEBIT,CREDIT,ACCOUNT_ID,NOTE,COST_CNTR_ID,REF_NO) values (330,59,195.652,0,201004001001,'VAT of Sales Return Invoice Cash of Id: 21 of client: Masarat Tibah',1,null);
Insert into ACC_JOURNAL_DTL (JOURNAL_DTL_ID,JOURNAL_ID,DEBIT,CREDIT,ACCOUNT_ID,NOTE,COST_CNTR_ID,REF_NO) values (331,59,1304.348,0,111,'VAT of Sales Return Invoice Cash of Id: 21 of client: Masarat Tibah',1,null);
Insert into ACC_JOURNAL_DTL (JOURNAL_DTL_ID,JOURNAL_ID,DEBIT,CREDIT,ACCOUNT_ID,NOTE,COST_CNTR_ID,REF_NO) values (225,33,45.652,0,201004001001,'VAT of Sales Return Invoice Cash of Id: 1 of client: Masarat Tibah',1,null);
Insert into ACC_JOURNAL_DTL (JOURNAL_DTL_ID,JOURNAL_ID,DEBIT,CREDIT,ACCOUNT_ID,NOTE,COST_CNTR_ID,REF_NO) values (226,33,304.348,0,201004001001,'VAT of Sales Return Invoice Cash of Id: 1 of client: Masarat Tibah',1,null);
Insert into ACC_JOURNAL_DTL (JOURNAL_DTL_ID,JOURNAL_ID,DEBIT,CREDIT,ACCOUNT_ID,NOTE,COST_CNTR_ID,REF_NO) values (242,39,390,0,101001001001,'Sales Invoice Cash of Id: 5 of client: Masarat Tibah',1,null);
Insert into ACC_JOURNAL_DTL (JOURNAL_DTL_ID,JOURNAL_ID,DEBIT,CREDIT,ACCOUNT_ID,NOTE,COST_CNTR_ID,REF_NO) values (243,39,0,50.87,201004001001,'VAT of Sales Invoice Cash of Id: 5 of client: Masarat Tibah',1,null);
Insert into ACC_JOURNAL_DTL (JOURNAL_DTL_ID,JOURNAL_ID,DEBIT,CREDIT,ACCOUNT_ID,NOTE,COST_CNTR_ID,REF_NO) values (244,39,0,339.13,201004001001,'VAT of Sales Invoice Cash of Id: 5 of client: Masarat Tibah',1,null);
Insert into ACC_JOURNAL_DTL (JOURNAL_DTL_ID,JOURNAL_ID,DEBIT,CREDIT,ACCOUNT_ID,NOTE,COST_CNTR_ID,REF_NO) values (338,62,160,0,101006001001,'Stockin Order of Id: 11',1,null);
Insert into ACC_JOURNAL_DTL (JOURNAL_DTL_ID,JOURNAL_ID,DEBIT,CREDIT,ACCOUNT_ID,NOTE,COST_CNTR_ID,REF_NO) values (339,62,0,160,null,'Stockin Order of Id: 11',1,null);
Insert into ACC_JOURNAL_DTL (JOURNAL_DTL_ID,JOURNAL_ID,DEBIT,CREDIT,ACCOUNT_ID,NOTE,COST_CNTR_ID,REF_NO) values (342,64,1000,0,101001001001,'Purchase Return Invoice Cash of Id: 21 of client: Najmat Tabah',1,null);
Insert into ACC_JOURNAL_DTL (JOURNAL_DTL_ID,JOURNAL_ID,DEBIT,CREDIT,ACCOUNT_ID,NOTE,COST_CNTR_ID,REF_NO) values (343,64,0,130.435,201004001002,'VAT of Purchase Return Invoice Cash of Id: 21 of client: Najmat Tabah',1,null);
Insert into ACC_JOURNAL_DTL (JOURNAL_DTL_ID,JOURNAL_ID,DEBIT,CREDIT,ACCOUNT_ID,NOTE,COST_CNTR_ID,REF_NO) values (344,64,0,869.565,111,'VAT of Purchase Return Invoice Cash of Id: 21 of client: Najmat Tabah',1,null);
Insert into ACC_JOURNAL_DTL (JOURNAL_DTL_ID,JOURNAL_ID,DEBIT,CREDIT,ACCOUNT_ID,NOTE,COST_CNTR_ID,REF_NO) values (179,29,160,0,101001001001,'Purchase Return Invoice Cash of Id:  of client: Najmat Tabah',1,null);
Insert into ACC_JOURNAL_DTL (JOURNAL_DTL_ID,JOURNAL_ID,DEBIT,CREDIT,ACCOUNT_ID,NOTE,COST_CNTR_ID,REF_NO) values (180,29,0,20.87,201004001002,'VAT of Purchase Return Invoice Cash of Id:  of client: Najmat Tabah',1,null);
Insert into ACC_JOURNAL_DTL (JOURNAL_DTL_ID,JOURNAL_ID,DEBIT,CREDIT,ACCOUNT_ID,NOTE,COST_CNTR_ID,REF_NO) values (181,29,0,139.13,201004001002,'VAT of Purchase Return Invoice Cash of Id:  of client: Najmat Tabah',1,null);
Insert into ACC_JOURNAL_DTL (JOURNAL_DTL_ID,JOURNAL_ID,DEBIT,CREDIT,ACCOUNT_ID,NOTE,COST_CNTR_ID,REF_NO) values (224,33,0,350,101001001001,'Sales Return Invoice Cash of Id: 1 of client: Masarat Tibah',1,null);
REM INSERTING into ACC_LEDGER
SET DEFINE OFF;
Insert into ACC_LEDGER (LEDGER_ID,JOURNAL_ID,JOURNAL_TYPE,ACCOUNT_ID,CREDIT,DEBIT,NOTE,JOURNAL_DATE,COMPANY_ID,COST_CNTR_ID) values (148,25,6,201004001002,0,147.826,'VAT of Purchase Invoice Cash of Id: 9 of client: Najmat Tabah',to_date('07-AUG-24','DD-MON-RR'),0,1);
Insert into ACC_LEDGER (LEDGER_ID,JOURNAL_ID,JOURNAL_TYPE,ACCOUNT_ID,CREDIT,DEBIT,NOTE,JOURNAL_DATE,COMPANY_ID,COST_CNTR_ID) values (149,25,6,101001001001,170,0,'Purchase Invoice Cash of Id: 9 of client: Najmat Tabah',to_date('07-AUG-24','DD-MON-RR'),0,1);
Insert into ACC_LEDGER (LEDGER_ID,JOURNAL_ID,JOURNAL_TYPE,ACCOUNT_ID,CREDIT,DEBIT,NOTE,JOURNAL_DATE,COMPANY_ID,COST_CNTR_ID) values (150,26,6,101001001001,50,0,'Purchase Invoice Cash of Id: 9 of client: Najmat Tabah',to_date('07-AUG-24','DD-MON-RR'),0,1);
Insert into ACC_LEDGER (LEDGER_ID,JOURNAL_ID,JOURNAL_TYPE,ACCOUNT_ID,CREDIT,DEBIT,NOTE,JOURNAL_DATE,COMPANY_ID,COST_CNTR_ID) values (151,26,6,201004001002,0,6.522,'VAT of Purchase Invoice Cash of Id: 9 of client: Najmat Tabah',to_date('07-AUG-24','DD-MON-RR'),0,1);
Insert into ACC_LEDGER (LEDGER_ID,JOURNAL_ID,JOURNAL_TYPE,ACCOUNT_ID,CREDIT,DEBIT,NOTE,JOURNAL_DATE,COMPANY_ID,COST_CNTR_ID) values (152,26,6,201004001002,0,43.478,'VAT of Purchase Invoice Cash of Id: 9 of client: Najmat Tabah',to_date('07-AUG-24','DD-MON-RR'),0,1);
Insert into ACC_LEDGER (LEDGER_ID,JOURNAL_ID,JOURNAL_TYPE,ACCOUNT_ID,CREDIT,DEBIT,NOTE,JOURNAL_DATE,COMPANY_ID,COST_CNTR_ID) values (153,27,6,101001001001,30,0,'Purchase Invoice Cash of Id: 7 of client: Najmat Tabah',to_date('11-JUL-24','DD-MON-RR'),0,1);
Insert into ACC_LEDGER (LEDGER_ID,JOURNAL_ID,JOURNAL_TYPE,ACCOUNT_ID,CREDIT,DEBIT,NOTE,JOURNAL_DATE,COMPANY_ID,COST_CNTR_ID) values (154,27,6,201004001002,0,3.913,'VAT of Purchase Invoice Cash of Id: 7 of client: Najmat Tabah',to_date('11-JUL-24','DD-MON-RR'),0,1);
Insert into ACC_LEDGER (LEDGER_ID,JOURNAL_ID,JOURNAL_TYPE,ACCOUNT_ID,CREDIT,DEBIT,NOTE,JOURNAL_DATE,COMPANY_ID,COST_CNTR_ID) values (155,27,6,201004001002,0,26.087,'VAT of Purchase Invoice Cash of Id: 7 of client: Najmat Tabah',to_date('11-JUL-24','DD-MON-RR'),0,1);
Insert into ACC_LEDGER (LEDGER_ID,JOURNAL_ID,JOURNAL_TYPE,ACCOUNT_ID,CREDIT,DEBIT,NOTE,JOURNAL_DATE,COMPANY_ID,COST_CNTR_ID) values (162,30,7,201001,0,42,'Purchase Return Invoice Deferred of Id:  of client: Najmat Tabah',to_date('10-JUL-24','DD-MON-RR'),0,1);
Insert into ACC_LEDGER (LEDGER_ID,JOURNAL_ID,JOURNAL_TYPE,ACCOUNT_ID,CREDIT,DEBIT,NOTE,JOURNAL_DATE,COMPANY_ID,COST_CNTR_ID) values (163,30,7,101002001001,0,3,'Purchase Return Invoice Deferred of Id:  of client: Najmat Tabah',to_date('10-JUL-24','DD-MON-RR'),0,1);
Insert into ACC_LEDGER (LEDGER_ID,JOURNAL_ID,JOURNAL_TYPE,ACCOUNT_ID,CREDIT,DEBIT,NOTE,JOURNAL_DATE,COMPANY_ID,COST_CNTR_ID) values (164,30,7,201004001002,6.522,0,'VAT of Purchase Return Invoice Deferred of Id:  of client: Najmat Tabah',to_date('10-JUL-24','DD-MON-RR'),0,1);
Insert into ACC_LEDGER (LEDGER_ID,JOURNAL_ID,JOURNAL_TYPE,ACCOUNT_ID,CREDIT,DEBIT,NOTE,JOURNAL_DATE,COMPANY_ID,COST_CNTR_ID) values (165,30,7,201004001002,43.478,0,'VAT of Purchase Return Invoice Deferred of Id:  of client: Najmat Tabah',to_date('10-JUL-24','DD-MON-RR'),0,1);
Insert into ACC_LEDGER (LEDGER_ID,JOURNAL_ID,JOURNAL_TYPE,ACCOUNT_ID,CREDIT,DEBIT,NOTE,JOURNAL_DATE,COMPANY_ID,COST_CNTR_ID) values (144,24,6,101001001001,50,0,'Purchase Invoice Cash of Id: 9 of client: Najmat Tabah',to_date('07-AUG-24','DD-MON-RR'),0,1);
Insert into ACC_LEDGER (LEDGER_ID,JOURNAL_ID,JOURNAL_TYPE,ACCOUNT_ID,CREDIT,DEBIT,NOTE,JOURNAL_DATE,COMPANY_ID,COST_CNTR_ID) values (145,24,6,201004001002,0,6.522,'VAT of Purchase Invoice Cash of Id: 9 of client: Najmat Tabah',to_date('07-AUG-24','DD-MON-RR'),0,1);
Insert into ACC_LEDGER (LEDGER_ID,JOURNAL_ID,JOURNAL_TYPE,ACCOUNT_ID,CREDIT,DEBIT,NOTE,JOURNAL_DATE,COMPANY_ID,COST_CNTR_ID) values (146,24,6,201004001002,0,43.478,'VAT of Purchase Invoice Cash of Id: 9 of client: Najmat Tabah',to_date('07-AUG-24','DD-MON-RR'),0,1);
Insert into ACC_LEDGER (LEDGER_ID,JOURNAL_ID,JOURNAL_TYPE,ACCOUNT_ID,CREDIT,DEBIT,NOTE,JOURNAL_DATE,COMPANY_ID,COST_CNTR_ID) values (147,25,6,201004001002,0,22.174,'VAT of Purchase Invoice Cash of Id: 9 of client: Najmat Tabah',to_date('07-AUG-24','DD-MON-RR'),0,1);
Insert into ACC_LEDGER (LEDGER_ID,JOURNAL_ID,JOURNAL_TYPE,ACCOUNT_ID,CREDIT,DEBIT,NOTE,JOURNAL_DATE,COMPANY_ID,COST_CNTR_ID) values (241,40,6,101001001001,1500,0,'Purchase Invoice Cash of Id: 7 of client: Najmat Tabah',to_date('11-JUL-24','DD-MON-RR'),0,1);
Insert into ACC_LEDGER (LEDGER_ID,JOURNAL_ID,JOURNAL_TYPE,ACCOUNT_ID,CREDIT,DEBIT,NOTE,JOURNAL_DATE,COMPANY_ID,COST_CNTR_ID) values (242,40,6,201004001002,0,195.652,'VAT of Purchase Invoice Cash of Id: 7 of client: Najmat Tabah',to_date('11-JUL-24','DD-MON-RR'),0,1);
Insert into ACC_LEDGER (LEDGER_ID,JOURNAL_ID,JOURNAL_TYPE,ACCOUNT_ID,CREDIT,DEBIT,NOTE,JOURNAL_DATE,COMPANY_ID,COST_CNTR_ID) values (243,40,6,201004001002,0,1304.348,'VAT of Purchase Invoice Cash of Id: 7 of client: Najmat Tabah',to_date('11-JUL-24','DD-MON-RR'),0,1);
Insert into ACC_LEDGER (LEDGER_ID,JOURNAL_ID,JOURNAL_TYPE,ACCOUNT_ID,CREDIT,DEBIT,NOTE,JOURNAL_DATE,COMPANY_ID,COST_CNTR_ID) values (244,41,6,101001001001,600,0,'Purchase Invoice Cash of Id: 8 of client: Najmat Tabah Purchase Invoice Cash of Id: 8 of client: Najmat Tabah Purchase Invoice Cash of Id: 8 of client: Najmat Tabah',to_date('10-JUL-24','DD-MON-RR'),0,1);
Insert into ACC_LEDGER (LEDGER_ID,JOURNAL_ID,JOURNAL_TYPE,ACCOUNT_ID,CREDIT,DEBIT,NOTE,JOURNAL_DATE,COMPANY_ID,COST_CNTR_ID) values (245,41,6,201004001002,0,78.261,'VAT of Purchase Invoice Cash of Id: 8 of client: Najmat Tabah',to_date('10-JUL-24','DD-MON-RR'),0,1);
Insert into ACC_LEDGER (LEDGER_ID,JOURNAL_ID,JOURNAL_TYPE,ACCOUNT_ID,CREDIT,DEBIT,NOTE,JOURNAL_DATE,COMPANY_ID,COST_CNTR_ID) values (246,41,6,201004001002,0,521.739,'VAT of Purchase Invoice Cash of Id: 8 of client: Najmat Tabah',to_date('10-JUL-24','DD-MON-RR'),0,1);
Insert into ACC_LEDGER (LEDGER_ID,JOURNAL_ID,JOURNAL_TYPE,ACCOUNT_ID,CREDIT,DEBIT,NOTE,JOURNAL_DATE,COMPANY_ID,COST_CNTR_ID) values (286,51,10,101006001001,30,0,'First Period Stock of Id: 7',to_date('19-SEP-24','DD-MON-RR'),0,1);
Insert into ACC_LEDGER (LEDGER_ID,JOURNAL_ID,JOURNAL_TYPE,ACCOUNT_ID,CREDIT,DEBIT,NOTE,JOURNAL_DATE,COMPANY_ID,COST_CNTR_ID) values (287,51,10,1,0,30,'First Period Stock of Id: 7',to_date('19-SEP-24','DD-MON-RR'),0,1);
Insert into ACC_LEDGER (LEDGER_ID,JOURNAL_ID,JOURNAL_TYPE,ACCOUNT_ID,CREDIT,DEBIT,NOTE,JOURNAL_DATE,COMPANY_ID,COST_CNTR_ID) values (288,52,6,101001001001,20,0,'Purchase Invoice Cash of Id:  of client: Najmat Tabah',to_date('19-SEP-24','DD-MON-RR'),0,1);
Insert into ACC_LEDGER (LEDGER_ID,JOURNAL_ID,JOURNAL_TYPE,ACCOUNT_ID,CREDIT,DEBIT,NOTE,JOURNAL_DATE,COMPANY_ID,COST_CNTR_ID) values (289,52,6,201004001002,0,2.609,'VAT of Purchase Invoice Cash of Id:  of client: Najmat Tabah',to_date('19-SEP-24','DD-MON-RR'),0,1);
Insert into ACC_LEDGER (LEDGER_ID,JOURNAL_ID,JOURNAL_TYPE,ACCOUNT_ID,CREDIT,DEBIT,NOTE,JOURNAL_DATE,COMPANY_ID,COST_CNTR_ID) values (290,52,6,111,0,17.391,'VAT of Purchase Invoice Cash of Id:  of client: Najmat Tabah',to_date('19-SEP-24','DD-MON-RR'),0,1);
Insert into ACC_LEDGER (LEDGER_ID,JOURNAL_ID,JOURNAL_TYPE,ACCOUNT_ID,CREDIT,DEBIT,NOTE,JOURNAL_DATE,COMPANY_ID,COST_CNTR_ID) values (291,53,6,101001001001,20,0,'Purchase Invoice Cash of Id: 1 of client: Najmat Tabah',to_date('19-SEP-24','DD-MON-RR'),0,1);
Insert into ACC_LEDGER (LEDGER_ID,JOURNAL_ID,JOURNAL_TYPE,ACCOUNT_ID,CREDIT,DEBIT,NOTE,JOURNAL_DATE,COMPANY_ID,COST_CNTR_ID) values (292,53,6,201004001002,0,2.609,'VAT of Purchase Invoice Cash of Id: 1 of client: Najmat Tabah',to_date('19-SEP-24','DD-MON-RR'),0,1);
Insert into ACC_LEDGER (LEDGER_ID,JOURNAL_ID,JOURNAL_TYPE,ACCOUNT_ID,CREDIT,DEBIT,NOTE,JOURNAL_DATE,COMPANY_ID,COST_CNTR_ID) values (293,53,6,111,0,17.391,'VAT of Purchase Invoice Cash of Id: 1 of client: Najmat Tabah',to_date('19-SEP-24','DD-MON-RR'),0,1);
Insert into ACC_LEDGER (LEDGER_ID,JOURNAL_ID,JOURNAL_TYPE,ACCOUNT_ID,CREDIT,DEBIT,NOTE,JOURNAL_DATE,COMPANY_ID,COST_CNTR_ID) values (297,55,6,101001001001,180,0,'Purchase Invoice Cash of Id: 21 of client: Najmat Tabah',to_date('19-SEP-24','DD-MON-RR'),0,1);
Insert into ACC_LEDGER (LEDGER_ID,JOURNAL_ID,JOURNAL_TYPE,ACCOUNT_ID,CREDIT,DEBIT,NOTE,JOURNAL_DATE,COMPANY_ID,COST_CNTR_ID) values (298,55,6,201004001002,0,23.478,'VAT of Purchase Invoice Cash of Id: 21 of client: Najmat Tabah',to_date('19-SEP-24','DD-MON-RR'),0,1);
Insert into ACC_LEDGER (LEDGER_ID,JOURNAL_ID,JOURNAL_TYPE,ACCOUNT_ID,CREDIT,DEBIT,NOTE,JOURNAL_DATE,COMPANY_ID,COST_CNTR_ID) values (299,55,6,111,0,156.522,'VAT of Purchase Invoice Cash of Id: 21 of client: Najmat Tabah',to_date('19-SEP-24','DD-MON-RR'),0,1);
Insert into ACC_LEDGER (LEDGER_ID,JOURNAL_ID,JOURNAL_TYPE,ACCOUNT_ID,CREDIT,DEBIT,NOTE,JOURNAL_DATE,COMPANY_ID,COST_CNTR_ID) values (300,56,6,101001001001,140,0,'Purchase Invoice Cash of Id: 11 of client: Najmat Tabah',to_date('19-SEP-24','DD-MON-RR'),0,1);
Insert into ACC_LEDGER (LEDGER_ID,JOURNAL_ID,JOURNAL_TYPE,ACCOUNT_ID,CREDIT,DEBIT,NOTE,JOURNAL_DATE,COMPANY_ID,COST_CNTR_ID) values (301,56,6,201004001002,0,18.261,'VAT of Purchase Invoice Cash of Id: 11 of client: Najmat Tabah',to_date('19-SEP-24','DD-MON-RR'),0,1);
Insert into ACC_LEDGER (LEDGER_ID,JOURNAL_ID,JOURNAL_TYPE,ACCOUNT_ID,CREDIT,DEBIT,NOTE,JOURNAL_DATE,COMPANY_ID,COST_CNTR_ID) values (302,56,6,111,0,121.739,'VAT of Purchase Invoice Cash of Id: 11 of client: Najmat Tabah',to_date('19-SEP-24','DD-MON-RR'),0,1);
Insert into ACC_LEDGER (LEDGER_ID,JOURNAL_ID,JOURNAL_TYPE,ACCOUNT_ID,CREDIT,DEBIT,NOTE,JOURNAL_DATE,COMPANY_ID,COST_CNTR_ID) values (306,58,6,101001001001,1350,0,'Purchase Invoice Cash of Id: 31 of client: Najmat Tabah',to_date('19-SEP-24','DD-MON-RR'),0,1);
Insert into ACC_LEDGER (LEDGER_ID,JOURNAL_ID,JOURNAL_TYPE,ACCOUNT_ID,CREDIT,DEBIT,NOTE,JOURNAL_DATE,COMPANY_ID,COST_CNTR_ID) values (307,58,6,201004001002,0,176.087,'VAT of Purchase Invoice Cash of Id: 31 of client: Najmat Tabah',to_date('19-SEP-24','DD-MON-RR'),0,1);
Insert into ACC_LEDGER (LEDGER_ID,JOURNAL_ID,JOURNAL_TYPE,ACCOUNT_ID,CREDIT,DEBIT,NOTE,JOURNAL_DATE,COMPANY_ID,COST_CNTR_ID) values (308,58,6,111,0,1173.913,'VAT of Purchase Invoice Cash of Id: 31 of client: Najmat Tabah',to_date('19-SEP-24','DD-MON-RR'),0,1);
Insert into ACC_LEDGER (LEDGER_ID,JOURNAL_ID,JOURNAL_TYPE,ACCOUNT_ID,CREDIT,DEBIT,NOTE,JOURNAL_DATE,COMPANY_ID,COST_CNTR_ID) values (312,60,4,101001001001,0,2340,'Sales Invoice Cash of Id: 11 of client: Masarat Tibah',to_date('19-SEP-24','DD-MON-RR'),0,1);
Insert into ACC_LEDGER (LEDGER_ID,JOURNAL_ID,JOURNAL_TYPE,ACCOUNT_ID,CREDIT,DEBIT,NOTE,JOURNAL_DATE,COMPANY_ID,COST_CNTR_ID) values (313,60,4,201004001001,305.217,0,'VAT of Sales Invoice Cash of Id: 11 of client: Masarat Tibah',to_date('19-SEP-24','DD-MON-RR'),0,1);
Insert into ACC_LEDGER (LEDGER_ID,JOURNAL_ID,JOURNAL_TYPE,ACCOUNT_ID,CREDIT,DEBIT,NOTE,JOURNAL_DATE,COMPANY_ID,COST_CNTR_ID) values (314,60,4,111,2034.783,0,'VAT of Sales Invoice Cash of Id: 11 of client: Masarat Tibah',to_date('19-SEP-24','DD-MON-RR'),0,1);
Insert into ACC_LEDGER (LEDGER_ID,JOURNAL_ID,JOURNAL_TYPE,ACCOUNT_ID,CREDIT,DEBIT,NOTE,JOURNAL_DATE,COMPANY_ID,COST_CNTR_ID) values (121,22,3,101001001001,20,0,'0',to_date('31-JUL-24','DD-MON-RR'),0,1);
Insert into ACC_LEDGER (LEDGER_ID,JOURNAL_ID,JOURNAL_TYPE,ACCOUNT_ID,CREDIT,DEBIT,NOTE,JOURNAL_DATE,COMPANY_ID,COST_CNTR_ID) values (122,22,3,101008001001,0,2.609,'0',to_date('31-JUL-24','DD-MON-RR'),0,1);
Insert into ACC_LEDGER (LEDGER_ID,JOURNAL_ID,JOURNAL_TYPE,ACCOUNT_ID,CREDIT,DEBIT,NOTE,JOURNAL_DATE,COMPANY_ID,COST_CNTR_ID) values (123,22,3,111,0,17.391,'0',to_date('31-JUL-24','DD-MON-RR'),0,1);
Insert into ACC_LEDGER (LEDGER_ID,JOURNAL_ID,JOURNAL_TYPE,ACCOUNT_ID,CREDIT,DEBIT,NOTE,JOURNAL_DATE,COMPANY_ID,COST_CNTR_ID) values (201,32,5,101001001001,810,0,'Sales Return Invoice Cash of Id:  of client: Masarat Tibah',to_date('01-AUG-24','DD-MON-RR'),0,1);
Insert into ACC_LEDGER (LEDGER_ID,JOURNAL_ID,JOURNAL_TYPE,ACCOUNT_ID,CREDIT,DEBIT,NOTE,JOURNAL_DATE,COMPANY_ID,COST_CNTR_ID) values (202,32,5,201004001001,0,105.652,'VAT of Sales Return Invoice Cash of Id:  of client: Masarat Tibah',to_date('01-AUG-24','DD-MON-RR'),0,1);
Insert into ACC_LEDGER (LEDGER_ID,JOURNAL_ID,JOURNAL_TYPE,ACCOUNT_ID,CREDIT,DEBIT,NOTE,JOURNAL_DATE,COMPANY_ID,COST_CNTR_ID) values (203,32,5,201004001001,0,704.348,'VAT of Sales Return Invoice Cash of Id:  of client: Masarat Tibah',to_date('01-AUG-24','DD-MON-RR'),0,1);
Insert into ACC_LEDGER (LEDGER_ID,JOURNAL_ID,JOURNAL_TYPE,ACCOUNT_ID,CREDIT,DEBIT,NOTE,JOURNAL_DATE,COMPANY_ID,COST_CNTR_ID) values (210,35,4,101001001001,0,500,'Sales Invoice Cash of Id: 2 of client: Masarat Tibah',to_date('28-AUG-24','DD-MON-RR'),0,1);
Insert into ACC_LEDGER (LEDGER_ID,JOURNAL_ID,JOURNAL_TYPE,ACCOUNT_ID,CREDIT,DEBIT,NOTE,JOURNAL_DATE,COMPANY_ID,COST_CNTR_ID) values (211,35,4,201004001001,65.217,0,'VAT of Sales Invoice Cash of Id: 2 of client: Masarat Tibah',to_date('28-AUG-24','DD-MON-RR'),0,1);
Insert into ACC_LEDGER (LEDGER_ID,JOURNAL_ID,JOURNAL_TYPE,ACCOUNT_ID,CREDIT,DEBIT,NOTE,JOURNAL_DATE,COMPANY_ID,COST_CNTR_ID) values (212,35,4,201004001001,434.783,0,'VAT of Sales Invoice Cash of Id: 2 of client: Masarat Tibah',to_date('28-AUG-24','DD-MON-RR'),0,1);
Insert into ACC_LEDGER (LEDGER_ID,JOURNAL_ID,JOURNAL_TYPE,ACCOUNT_ID,CREDIT,DEBIT,NOTE,JOURNAL_DATE,COMPANY_ID,COST_CNTR_ID) values (213,36,4,101002001001,0,540,'Sales Invoice Cash of Id: 3 of client: Masarat Tibah',to_date('28-AUG-24','DD-MON-RR'),0,1);
Insert into ACC_LEDGER (LEDGER_ID,JOURNAL_ID,JOURNAL_TYPE,ACCOUNT_ID,CREDIT,DEBIT,NOTE,JOURNAL_DATE,COMPANY_ID,COST_CNTR_ID) values (214,36,4,201004001001,70.435,0,'VAT of Sales Invoice Cash of Id: 3 of client: Masarat Tibah',to_date('28-AUG-24','DD-MON-RR'),0,1);
Insert into ACC_LEDGER (LEDGER_ID,JOURNAL_ID,JOURNAL_TYPE,ACCOUNT_ID,CREDIT,DEBIT,NOTE,JOURNAL_DATE,COMPANY_ID,COST_CNTR_ID) values (215,36,4,201004001001,469.565,0,'VAT of Sales Invoice Cash of Id: 3 of client: Masarat Tibah',to_date('28-AUG-24','DD-MON-RR'),0,1);
Insert into ACC_LEDGER (LEDGER_ID,JOURNAL_ID,JOURNAL_TYPE,ACCOUNT_ID,CREDIT,DEBIT,NOTE,JOURNAL_DATE,COMPANY_ID,COST_CNTR_ID) values (216,37,4,null,0,270,'Sales Invoice Deferred of Id: 4 of client: Masarat Tibah',to_date('28-AUG-24','DD-MON-RR'),0,1);
Insert into ACC_LEDGER (LEDGER_ID,JOURNAL_ID,JOURNAL_TYPE,ACCOUNT_ID,CREDIT,DEBIT,NOTE,JOURNAL_DATE,COMPANY_ID,COST_CNTR_ID) values (217,37,4,201004001001,35.217,0,'VAT of Sales Invoice Deferred of Id: 4 of client: Masarat Tibah',to_date('28-AUG-24','DD-MON-RR'),0,1);
Insert into ACC_LEDGER (LEDGER_ID,JOURNAL_ID,JOURNAL_TYPE,ACCOUNT_ID,CREDIT,DEBIT,NOTE,JOURNAL_DATE,COMPANY_ID,COST_CNTR_ID) values (218,37,4,201004001001,234.783,0,'VAT of Sales Invoice Deferred of Id: 4 of client: Masarat Tibah',to_date('28-AUG-24','DD-MON-RR'),0,1);
Insert into ACC_LEDGER (LEDGER_ID,JOURNAL_ID,JOURNAL_TYPE,ACCOUNT_ID,CREDIT,DEBIT,NOTE,JOURNAL_DATE,COMPANY_ID,COST_CNTR_ID) values (315,61,4,101001001001,0,1500,'Sales Invoice Cash of Id: 21 of client: Masarat Tibah',to_date('19-SEP-24','DD-MON-RR'),0,1);
Insert into ACC_LEDGER (LEDGER_ID,JOURNAL_ID,JOURNAL_TYPE,ACCOUNT_ID,CREDIT,DEBIT,NOTE,JOURNAL_DATE,COMPANY_ID,COST_CNTR_ID) values (316,61,4,201004001001,195.652,0,'VAT of Sales Invoice Cash of Id: 21 of client: Masarat Tibah',to_date('19-SEP-24','DD-MON-RR'),0,1);
Insert into ACC_LEDGER (LEDGER_ID,JOURNAL_ID,JOURNAL_TYPE,ACCOUNT_ID,CREDIT,DEBIT,NOTE,JOURNAL_DATE,COMPANY_ID,COST_CNTR_ID) values (317,61,4,111,1304.348,0,'VAT of Sales Invoice Cash of Id: 21 of client: Masarat Tibah',to_date('19-SEP-24','DD-MON-RR'),0,1);
Insert into ACC_LEDGER (LEDGER_ID,JOURNAL_ID,JOURNAL_TYPE,ACCOUNT_ID,CREDIT,DEBIT,NOTE,JOURNAL_DATE,COMPANY_ID,COST_CNTR_ID) values (320,63,10,101006001001,2670,0,'First Period Stock of Id: 11',to_date('19-SEP-24','DD-MON-RR'),0,1);
Insert into ACC_LEDGER (LEDGER_ID,JOURNAL_ID,JOURNAL_TYPE,ACCOUNT_ID,CREDIT,DEBIT,NOTE,JOURNAL_DATE,COMPANY_ID,COST_CNTR_ID) values (321,63,10,2,0,2670,'First Period Stock of Id: 11',to_date('19-SEP-24','DD-MON-RR'),0,1);
Insert into ACC_LEDGER (LEDGER_ID,JOURNAL_ID,JOURNAL_TYPE,ACCOUNT_ID,CREDIT,DEBIT,NOTE,JOURNAL_DATE,COMPANY_ID,COST_CNTR_ID) values (141,23,6,101001001001,20,0,'Purchase Invoice Cash of Id: 9 of client: Najmat Tabah',to_date('07-AUG-24','DD-MON-RR'),0,1);
Insert into ACC_LEDGER (LEDGER_ID,JOURNAL_ID,JOURNAL_TYPE,ACCOUNT_ID,CREDIT,DEBIT,NOTE,JOURNAL_DATE,COMPANY_ID,COST_CNTR_ID) values (142,23,6,201004001002,0,2.609,'VAT of Purchase Invoice Cash of Id: 9 of client: Najmat Tabah',to_date('07-AUG-24','DD-MON-RR'),0,1);
Insert into ACC_LEDGER (LEDGER_ID,JOURNAL_ID,JOURNAL_TYPE,ACCOUNT_ID,CREDIT,DEBIT,NOTE,JOURNAL_DATE,COMPANY_ID,COST_CNTR_ID) values (143,23,6,201004001002,0,17.391,'VAT of Purchase Invoice Cash of Id: 9 of client: Najmat Tabah',to_date('07-AUG-24','DD-MON-RR'),0,1);
Insert into ACC_LEDGER (LEDGER_ID,JOURNAL_ID,JOURNAL_TYPE,ACCOUNT_ID,CREDIT,DEBIT,NOTE,JOURNAL_DATE,COMPANY_ID,COST_CNTR_ID) values (156,28,6,201004001002,0,6.522,'VAT of Purchase Invoice Cash of Id: 9 of client: Najmat Tabah',to_date('07-AUG-24','DD-MON-RR'),0,1);
Insert into ACC_LEDGER (LEDGER_ID,JOURNAL_ID,JOURNAL_TYPE,ACCOUNT_ID,CREDIT,DEBIT,NOTE,JOURNAL_DATE,COMPANY_ID,COST_CNTR_ID) values (157,28,6,201004001002,0,43.478,'VAT of Purchase Invoice Cash of Id: 9 of client: Najmat Tabah',to_date('07-AUG-24','DD-MON-RR'),0,1);
Insert into ACC_LEDGER (LEDGER_ID,JOURNAL_ID,JOURNAL_TYPE,ACCOUNT_ID,CREDIT,DEBIT,NOTE,JOURNAL_DATE,COMPANY_ID,COST_CNTR_ID) values (158,28,6,101001001001,50,0,'Purchase Invoice Cash of Id: 9 of client: Najmat Tabah',to_date('07-AUG-24','DD-MON-RR'),0,1);
Insert into ACC_LEDGER (LEDGER_ID,JOURNAL_ID,JOURNAL_TYPE,ACCOUNT_ID,CREDIT,DEBIT,NOTE,JOURNAL_DATE,COMPANY_ID,COST_CNTR_ID) values (181,31,4,101001001001,0,30,'Sales Invoice Cash of Id:  of client: Masarat Tibah',to_date('11-AUG-24','DD-MON-RR'),0,1);
Insert into ACC_LEDGER (LEDGER_ID,JOURNAL_ID,JOURNAL_TYPE,ACCOUNT_ID,CREDIT,DEBIT,NOTE,JOURNAL_DATE,COMPANY_ID,COST_CNTR_ID) values (182,31,4,201004001001,3.913,0,'VAT of Sales Invoice Cash of Id:  of client: Masarat Tibah',to_date('11-AUG-24','DD-MON-RR'),0,1);
Insert into ACC_LEDGER (LEDGER_ID,JOURNAL_ID,JOURNAL_TYPE,ACCOUNT_ID,CREDIT,DEBIT,NOTE,JOURNAL_DATE,COMPANY_ID,COST_CNTR_ID) values (183,31,4,201004001001,26.087,0,'VAT of Sales Invoice Cash of Id:  of client: Masarat Tibah',to_date('11-AUG-24','DD-MON-RR'),0,1);
Insert into ACC_LEDGER (LEDGER_ID,JOURNAL_ID,JOURNAL_TYPE,ACCOUNT_ID,CREDIT,DEBIT,NOTE,JOURNAL_DATE,COMPANY_ID,COST_CNTR_ID) values (219,38,5,101001001001,30,0,'Sales Return Invoice Cash of Id: 4 of client: Masarat Tibah',to_date('06-AUG-24','DD-MON-RR'),0,1);
Insert into ACC_LEDGER (LEDGER_ID,JOURNAL_ID,JOURNAL_TYPE,ACCOUNT_ID,CREDIT,DEBIT,NOTE,JOURNAL_DATE,COMPANY_ID,COST_CNTR_ID) values (220,38,5,201004001001,0,3.913,'VAT of Sales Return Invoice Cash of Id: 4 of client: Masarat Tibah',to_date('06-AUG-24','DD-MON-RR'),0,1);
Insert into ACC_LEDGER (LEDGER_ID,JOURNAL_ID,JOURNAL_TYPE,ACCOUNT_ID,CREDIT,DEBIT,NOTE,JOURNAL_DATE,COMPANY_ID,COST_CNTR_ID) values (221,38,5,201004001001,0,26.087,'VAT of Sales Return Invoice Cash of Id: 4 of client: Masarat Tibah',to_date('06-AUG-24','DD-MON-RR'),0,1);
Insert into ACC_LEDGER (LEDGER_ID,JOURNAL_ID,JOURNAL_TYPE,ACCOUNT_ID,CREDIT,DEBIT,NOTE,JOURNAL_DATE,COMPANY_ID,COST_CNTR_ID) values (261,42,4,101001001001,0,30,'Sales Invoice Cash of Id: 6 of client: Masarat Tibah',to_date('19-SEP-24','DD-MON-RR'),0,1);
Insert into ACC_LEDGER (LEDGER_ID,JOURNAL_ID,JOURNAL_TYPE,ACCOUNT_ID,CREDIT,DEBIT,NOTE,JOURNAL_DATE,COMPANY_ID,COST_CNTR_ID) values (262,42,4,201004001001,3.913,0,'VAT of Sales Invoice Cash of Id: 6 of client: Masarat Tibah',to_date('19-SEP-24','DD-MON-RR'),0,1);
Insert into ACC_LEDGER (LEDGER_ID,JOURNAL_ID,JOURNAL_TYPE,ACCOUNT_ID,CREDIT,DEBIT,NOTE,JOURNAL_DATE,COMPANY_ID,COST_CNTR_ID) values (263,42,4,111,26.087,0,'VAT of Sales Invoice Cash of Id: 6 of client: Masarat Tibah',to_date('19-SEP-24','DD-MON-RR'),0,1);
Insert into ACC_LEDGER (LEDGER_ID,JOURNAL_ID,JOURNAL_TYPE,ACCOUNT_ID,CREDIT,DEBIT,NOTE,JOURNAL_DATE,COMPANY_ID,COST_CNTR_ID) values (270,45,5,101001001001,30,0,'Sales Return Invoice Cash of Id: 5 of client: Masarat Tibah',to_date('19-SEP-24','DD-MON-RR'),0,1);
Insert into ACC_LEDGER (LEDGER_ID,JOURNAL_ID,JOURNAL_TYPE,ACCOUNT_ID,CREDIT,DEBIT,NOTE,JOURNAL_DATE,COMPANY_ID,COST_CNTR_ID) values (271,45,5,201004001001,0,3.913,'VAT of Sales Return Invoice Cash of Id: 5 of client: Masarat Tibah',to_date('19-SEP-24','DD-MON-RR'),0,1);
Insert into ACC_LEDGER (LEDGER_ID,JOURNAL_ID,JOURNAL_TYPE,ACCOUNT_ID,CREDIT,DEBIT,NOTE,JOURNAL_DATE,COMPANY_ID,COST_CNTR_ID) values (272,45,5,111,0,26.087,'VAT of Sales Return Invoice Cash of Id: 5 of client: Masarat Tibah',to_date('19-SEP-24','DD-MON-RR'),0,1);
Insert into ACC_LEDGER (LEDGER_ID,JOURNAL_ID,JOURNAL_TYPE,ACCOUNT_ID,CREDIT,DEBIT,NOTE,JOURNAL_DATE,COMPANY_ID,COST_CNTR_ID) values (273,46,5,101001001001,40,0,'Sales Return Invoice Cash of Id: 4 of client: Masarat Tibah',to_date('19-SEP-24','DD-MON-RR'),0,1);
Insert into ACC_LEDGER (LEDGER_ID,JOURNAL_ID,JOURNAL_TYPE,ACCOUNT_ID,CREDIT,DEBIT,NOTE,JOURNAL_DATE,COMPANY_ID,COST_CNTR_ID) values (274,46,5,201004001001,0,5.217,'VAT of Sales Return Invoice Cash of Id: 4 of client: Masarat Tibah',to_date('19-SEP-24','DD-MON-RR'),0,1);
Insert into ACC_LEDGER (LEDGER_ID,JOURNAL_ID,JOURNAL_TYPE,ACCOUNT_ID,CREDIT,DEBIT,NOTE,JOURNAL_DATE,COMPANY_ID,COST_CNTR_ID) values (275,46,5,111,0,34.783,'VAT of Sales Return Invoice Cash of Id: 4 of client: Masarat Tibah',to_date('19-SEP-24','DD-MON-RR'),0,1);
Insert into ACC_LEDGER (LEDGER_ID,JOURNAL_ID,JOURNAL_TYPE,ACCOUNT_ID,CREDIT,DEBIT,NOTE,JOURNAL_DATE,COMPANY_ID,COST_CNTR_ID) values (276,47,5,101001001001,240,0,'Sales Return Invoice Cash of Id: 5 of client: Masarat Tibah',to_date('19-SEP-24','DD-MON-RR'),0,1);
Insert into ACC_LEDGER (LEDGER_ID,JOURNAL_ID,JOURNAL_TYPE,ACCOUNT_ID,CREDIT,DEBIT,NOTE,JOURNAL_DATE,COMPANY_ID,COST_CNTR_ID) values (277,47,5,201004001001,0,31.304,'VAT of Sales Return Invoice Cash of Id: 5 of client: Masarat Tibah',to_date('19-SEP-24','DD-MON-RR'),0,1);
Insert into ACC_LEDGER (LEDGER_ID,JOURNAL_ID,JOURNAL_TYPE,ACCOUNT_ID,CREDIT,DEBIT,NOTE,JOURNAL_DATE,COMPANY_ID,COST_CNTR_ID) values (278,47,5,111,0,208.696,'VAT of Sales Return Invoice Cash of Id: 5 of client: Masarat Tibah',to_date('19-SEP-24','DD-MON-RR'),0,1);
Insert into ACC_LEDGER (LEDGER_ID,JOURNAL_ID,JOURNAL_TYPE,ACCOUNT_ID,CREDIT,DEBIT,NOTE,JOURNAL_DATE,COMPANY_ID,COST_CNTR_ID) values (282,49,12,101006001001,0,20,'Stockin Order of Id: 4',to_date('19-SEP-24','DD-MON-RR'),0,1);
Insert into ACC_LEDGER (LEDGER_ID,JOURNAL_ID,JOURNAL_TYPE,ACCOUNT_ID,CREDIT,DEBIT,NOTE,JOURNAL_DATE,COMPANY_ID,COST_CNTR_ID) values (283,49,12,null,20,0,'Stockin Order of Id: 4',to_date('19-SEP-24','DD-MON-RR'),0,1);
Insert into ACC_LEDGER (LEDGER_ID,JOURNAL_ID,JOURNAL_TYPE,ACCOUNT_ID,CREDIT,DEBIT,NOTE,JOURNAL_DATE,COMPANY_ID,COST_CNTR_ID) values (284,50,10,101006001001,20,0,'First Period Stock of Id: 6',to_date('19-SEP-24','DD-MON-RR'),0,1);
Insert into ACC_LEDGER (LEDGER_ID,JOURNAL_ID,JOURNAL_TYPE,ACCOUNT_ID,CREDIT,DEBIT,NOTE,JOURNAL_DATE,COMPANY_ID,COST_CNTR_ID) values (285,50,10,4,0,20,'First Period Stock of Id: 6',to_date('19-SEP-24','DD-MON-RR'),0,1);
Insert into ACC_LEDGER (LEDGER_ID,JOURNAL_ID,JOURNAL_TYPE,ACCOUNT_ID,CREDIT,DEBIT,NOTE,JOURNAL_DATE,COMPANY_ID,COST_CNTR_ID) values (264,43,4,101001001001,0,150,'Sales Invoice Cash of Id: 7 of client: Masarat Tibah',to_date('19-SEP-24','DD-MON-RR'),0,1);
Insert into ACC_LEDGER (LEDGER_ID,JOURNAL_ID,JOURNAL_TYPE,ACCOUNT_ID,CREDIT,DEBIT,NOTE,JOURNAL_DATE,COMPANY_ID,COST_CNTR_ID) values (265,43,4,201004001001,19.565,0,'VAT of Sales Invoice Cash of Id: 7 of client: Masarat Tibah',to_date('19-SEP-24','DD-MON-RR'),0,1);
Insert into ACC_LEDGER (LEDGER_ID,JOURNAL_ID,JOURNAL_TYPE,ACCOUNT_ID,CREDIT,DEBIT,NOTE,JOURNAL_DATE,COMPANY_ID,COST_CNTR_ID) values (207,34,5,101001001001,480,0,'Sales Return Invoice Cash of Id: 2 of client: Masarat Tibah',to_date('20-AUG-24','DD-MON-RR'),0,1);
Insert into ACC_LEDGER (LEDGER_ID,JOURNAL_ID,JOURNAL_TYPE,ACCOUNT_ID,CREDIT,DEBIT,NOTE,JOURNAL_DATE,COMPANY_ID,COST_CNTR_ID) values (208,34,5,201004001001,0,62.609,'VAT of Sales Return Invoice Cash of Id: 2 of client: Masarat Tibah',to_date('20-AUG-24','DD-MON-RR'),0,1);
Insert into ACC_LEDGER (LEDGER_ID,JOURNAL_ID,JOURNAL_TYPE,ACCOUNT_ID,CREDIT,DEBIT,NOTE,JOURNAL_DATE,COMPANY_ID,COST_CNTR_ID) values (209,34,5,201004001001,0,417.391,'VAT of Sales Return Invoice Cash of Id: 2 of client: Masarat Tibah',to_date('20-AUG-24','DD-MON-RR'),0,1);
Insert into ACC_LEDGER (LEDGER_ID,JOURNAL_ID,JOURNAL_TYPE,ACCOUNT_ID,CREDIT,DEBIT,NOTE,JOURNAL_DATE,COMPANY_ID,COST_CNTR_ID) values (266,43,4,111,130.435,0,'VAT of Sales Invoice Cash of Id: 7 of client: Masarat Tibah',to_date('19-SEP-24','DD-MON-RR'),0,1);
Insert into ACC_LEDGER (LEDGER_ID,JOURNAL_ID,JOURNAL_TYPE,ACCOUNT_ID,CREDIT,DEBIT,NOTE,JOURNAL_DATE,COMPANY_ID,COST_CNTR_ID) values (267,44,4,101001001001,0,40,'Sales Invoice Cash of Id: 8 of client: Masarat Tibah',to_date('19-SEP-24','DD-MON-RR'),0,1);
Insert into ACC_LEDGER (LEDGER_ID,JOURNAL_ID,JOURNAL_TYPE,ACCOUNT_ID,CREDIT,DEBIT,NOTE,JOURNAL_DATE,COMPANY_ID,COST_CNTR_ID) values (268,44,4,201004001001,5.217,0,'VAT of Sales Invoice Cash of Id: 8 of client: Masarat Tibah',to_date('19-SEP-24','DD-MON-RR'),0,1);
Insert into ACC_LEDGER (LEDGER_ID,JOURNAL_ID,JOURNAL_TYPE,ACCOUNT_ID,CREDIT,DEBIT,NOTE,JOURNAL_DATE,COMPANY_ID,COST_CNTR_ID) values (269,44,4,111,34.783,0,'VAT of Sales Invoice Cash of Id: 8 of client: Masarat Tibah',to_date('19-SEP-24','DD-MON-RR'),0,1);
Insert into ACC_LEDGER (LEDGER_ID,JOURNAL_ID,JOURNAL_TYPE,ACCOUNT_ID,CREDIT,DEBIT,NOTE,JOURNAL_DATE,COMPANY_ID,COST_CNTR_ID) values (279,48,5,101001001001,270,0,'Sales Return Invoice Cash of Id: 6 of client: Masarat Tibah',to_date('04-SEP-24','DD-MON-RR'),0,1);
Insert into ACC_LEDGER (LEDGER_ID,JOURNAL_ID,JOURNAL_TYPE,ACCOUNT_ID,CREDIT,DEBIT,NOTE,JOURNAL_DATE,COMPANY_ID,COST_CNTR_ID) values (280,48,5,201004001001,0,35.217,'VAT of Sales Return Invoice Cash of Id: 6 of client: Masarat Tibah',to_date('04-SEP-24','DD-MON-RR'),0,1);
Insert into ACC_LEDGER (LEDGER_ID,JOURNAL_ID,JOURNAL_TYPE,ACCOUNT_ID,CREDIT,DEBIT,NOTE,JOURNAL_DATE,COMPANY_ID,COST_CNTR_ID) values (281,48,5,111,0,234.783,'VAT of Sales Return Invoice Cash of Id: 6 of client: Masarat Tibah',to_date('04-SEP-24','DD-MON-RR'),0,1);
Insert into ACC_LEDGER (LEDGER_ID,JOURNAL_ID,JOURNAL_TYPE,ACCOUNT_ID,CREDIT,DEBIT,NOTE,JOURNAL_DATE,COMPANY_ID,COST_CNTR_ID) values (294,54,6,101001001001,240,0,'Purchase Invoice Cash of Id: 2 of client: Najmat Tabah',to_date('19-SEP-24','DD-MON-RR'),0,1);
Insert into ACC_LEDGER (LEDGER_ID,JOURNAL_ID,JOURNAL_TYPE,ACCOUNT_ID,CREDIT,DEBIT,NOTE,JOURNAL_DATE,COMPANY_ID,COST_CNTR_ID) values (295,54,6,201004001002,0,31.304,'VAT of Purchase Invoice Cash of Id: 2 of client: Najmat Tabah',to_date('19-SEP-24','DD-MON-RR'),0,1);
Insert into ACC_LEDGER (LEDGER_ID,JOURNAL_ID,JOURNAL_TYPE,ACCOUNT_ID,CREDIT,DEBIT,NOTE,JOURNAL_DATE,COMPANY_ID,COST_CNTR_ID) values (296,54,6,111,0,208.696,'VAT of Purchase Invoice Cash of Id: 2 of client: Najmat Tabah',to_date('19-SEP-24','DD-MON-RR'),0,1);
Insert into ACC_LEDGER (LEDGER_ID,JOURNAL_ID,JOURNAL_TYPE,ACCOUNT_ID,CREDIT,DEBIT,NOTE,JOURNAL_DATE,COMPANY_ID,COST_CNTR_ID) values (303,57,6,101001001001,1350,0,'Purchase Invoice Cash of Id: 3 of client: Najmat Tabah',to_date('19-SEP-24','DD-MON-RR'),0,1);
Insert into ACC_LEDGER (LEDGER_ID,JOURNAL_ID,JOURNAL_TYPE,ACCOUNT_ID,CREDIT,DEBIT,NOTE,JOURNAL_DATE,COMPANY_ID,COST_CNTR_ID) values (304,57,6,201004001002,0,176.087,'VAT of Purchase Invoice Cash of Id: 3 of client: Najmat Tabah',to_date('19-SEP-24','DD-MON-RR'),0,1);
Insert into ACC_LEDGER (LEDGER_ID,JOURNAL_ID,JOURNAL_TYPE,ACCOUNT_ID,CREDIT,DEBIT,NOTE,JOURNAL_DATE,COMPANY_ID,COST_CNTR_ID) values (305,57,6,111,0,1173.913,'VAT of Purchase Invoice Cash of Id: 3 of client: Najmat Tabah',to_date('19-SEP-24','DD-MON-RR'),0,1);
Insert into ACC_LEDGER (LEDGER_ID,JOURNAL_ID,JOURNAL_TYPE,ACCOUNT_ID,CREDIT,DEBIT,NOTE,JOURNAL_DATE,COMPANY_ID,COST_CNTR_ID) values (309,59,5,101001001001,1500,0,'Sales Return Invoice Cash of Id: 21 of client: Masarat Tibah',to_date('19-SEP-24','DD-MON-RR'),0,1);
Insert into ACC_LEDGER (LEDGER_ID,JOURNAL_ID,JOURNAL_TYPE,ACCOUNT_ID,CREDIT,DEBIT,NOTE,JOURNAL_DATE,COMPANY_ID,COST_CNTR_ID) values (310,59,5,201004001001,0,195.652,'VAT of Sales Return Invoice Cash of Id: 21 of client: Masarat Tibah',to_date('19-SEP-24','DD-MON-RR'),0,1);
Insert into ACC_LEDGER (LEDGER_ID,JOURNAL_ID,JOURNAL_TYPE,ACCOUNT_ID,CREDIT,DEBIT,NOTE,JOURNAL_DATE,COMPANY_ID,COST_CNTR_ID) values (311,59,5,111,0,1304.348,'VAT of Sales Return Invoice Cash of Id: 21 of client: Masarat Tibah',to_date('19-SEP-24','DD-MON-RR'),0,1);
Insert into ACC_LEDGER (LEDGER_ID,JOURNAL_ID,JOURNAL_TYPE,ACCOUNT_ID,CREDIT,DEBIT,NOTE,JOURNAL_DATE,COMPANY_ID,COST_CNTR_ID) values (159,29,7,101001001001,0,160,'Purchase Return Invoice Cash of Id:  of client: Najmat Tabah',to_date('10-JUL-24','DD-MON-RR'),0,1);
Insert into ACC_LEDGER (LEDGER_ID,JOURNAL_ID,JOURNAL_TYPE,ACCOUNT_ID,CREDIT,DEBIT,NOTE,JOURNAL_DATE,COMPANY_ID,COST_CNTR_ID) values (160,29,7,201004001002,20.87,0,'VAT of Purchase Return Invoice Cash of Id:  of client: Najmat Tabah',to_date('10-JUL-24','DD-MON-RR'),0,1);
Insert into ACC_LEDGER (LEDGER_ID,JOURNAL_ID,JOURNAL_TYPE,ACCOUNT_ID,CREDIT,DEBIT,NOTE,JOURNAL_DATE,COMPANY_ID,COST_CNTR_ID) values (205,33,5,201004001001,0,304.348,'VAT of Sales Return Invoice Cash of Id: 1 of client: Masarat Tibah',to_date('05-AUG-24','DD-MON-RR'),0,1);
Insert into ACC_LEDGER (LEDGER_ID,JOURNAL_ID,JOURNAL_TYPE,ACCOUNT_ID,CREDIT,DEBIT,NOTE,JOURNAL_DATE,COMPANY_ID,COST_CNTR_ID) values (206,33,5,101001001001,350,0,'Sales Return Invoice Cash of Id: 1 of client: Masarat Tibah',to_date('05-AUG-24','DD-MON-RR'),0,1);
Insert into ACC_LEDGER (LEDGER_ID,JOURNAL_ID,JOURNAL_TYPE,ACCOUNT_ID,CREDIT,DEBIT,NOTE,JOURNAL_DATE,COMPANY_ID,COST_CNTR_ID) values (161,29,7,201004001002,139.13,0,'VAT of Purchase Return Invoice Cash of Id:  of client: Najmat Tabah',to_date('10-JUL-24','DD-MON-RR'),0,1);
Insert into ACC_LEDGER (LEDGER_ID,JOURNAL_ID,JOURNAL_TYPE,ACCOUNT_ID,CREDIT,DEBIT,NOTE,JOURNAL_DATE,COMPANY_ID,COST_CNTR_ID) values (204,33,5,201004001001,0,45.652,'VAT of Sales Return Invoice Cash of Id: 1 of client: Masarat Tibah',to_date('05-AUG-24','DD-MON-RR'),0,1);
Insert into ACC_LEDGER (LEDGER_ID,JOURNAL_ID,JOURNAL_TYPE,ACCOUNT_ID,CREDIT,DEBIT,NOTE,JOURNAL_DATE,COMPANY_ID,COST_CNTR_ID) values (222,39,4,101001001001,0,390,'Sales Invoice Cash of Id: 5 of client: Masarat Tibah',to_date('28-AUG-24','DD-MON-RR'),0,1);
Insert into ACC_LEDGER (LEDGER_ID,JOURNAL_ID,JOURNAL_TYPE,ACCOUNT_ID,CREDIT,DEBIT,NOTE,JOURNAL_DATE,COMPANY_ID,COST_CNTR_ID) values (223,39,4,201004001001,50.87,0,'VAT of Sales Invoice Cash of Id: 5 of client: Masarat Tibah',to_date('28-AUG-24','DD-MON-RR'),0,1);
Insert into ACC_LEDGER (LEDGER_ID,JOURNAL_ID,JOURNAL_TYPE,ACCOUNT_ID,CREDIT,DEBIT,NOTE,JOURNAL_DATE,COMPANY_ID,COST_CNTR_ID) values (224,39,4,201004001001,339.13,0,'VAT of Sales Invoice Cash of Id: 5 of client: Masarat Tibah',to_date('28-AUG-24','DD-MON-RR'),0,1);
Insert into ACC_LEDGER (LEDGER_ID,JOURNAL_ID,JOURNAL_TYPE,ACCOUNT_ID,CREDIT,DEBIT,NOTE,JOURNAL_DATE,COMPANY_ID,COST_CNTR_ID) values (318,62,12,101006001001,0,160,'Stockin Order of Id: 11',to_date('19-SEP-24','DD-MON-RR'),0,1);
Insert into ACC_LEDGER (LEDGER_ID,JOURNAL_ID,JOURNAL_TYPE,ACCOUNT_ID,CREDIT,DEBIT,NOTE,JOURNAL_DATE,COMPANY_ID,COST_CNTR_ID) values (319,62,12,null,160,0,'Stockin Order of Id: 11',to_date('19-SEP-24','DD-MON-RR'),0,1);
Insert into ACC_LEDGER (LEDGER_ID,JOURNAL_ID,JOURNAL_TYPE,ACCOUNT_ID,CREDIT,DEBIT,NOTE,JOURNAL_DATE,COMPANY_ID,COST_CNTR_ID) values (322,64,7,101001001001,0,1000,'Purchase Return Invoice Cash of Id: 21 of client: Najmat Tabah',to_date('19-SEP-24','DD-MON-RR'),0,1);
Insert into ACC_LEDGER (LEDGER_ID,JOURNAL_ID,JOURNAL_TYPE,ACCOUNT_ID,CREDIT,DEBIT,NOTE,JOURNAL_DATE,COMPANY_ID,COST_CNTR_ID) values (323,64,7,201004001002,130.435,0,'VAT of Purchase Return Invoice Cash of Id: 21 of client: Najmat Tabah',to_date('19-SEP-24','DD-MON-RR'),0,1);
Insert into ACC_LEDGER (LEDGER_ID,JOURNAL_ID,JOURNAL_TYPE,ACCOUNT_ID,CREDIT,DEBIT,NOTE,JOURNAL_DATE,COMPANY_ID,COST_CNTR_ID) values (324,64,7,111,869.565,0,'VAT of Purchase Return Invoice Cash of Id: 21 of client: Najmat Tabah',to_date('19-SEP-24','DD-MON-RR'),0,1);
REM INSERTING into ACC_VOUCHER
SET DEFINE OFF;
Insert into ACC_VOUCHER (ACC_VOUCHER_ID,AMOUNT,ACCOUNT_ID,REF_ID,PAYMENT_METHOD,PAID_TO,VOUCHER_DATE,POSTED,VOUCHER_TYPE,NOTE,CHECK_NO,CHECK_DATE,COST_CNTR_ID,COMPANY_ID,TOTAL_VAT) values (6,2360,101001001001,null,1,null,to_date('05-MAR-24','DD-MON-RR'),0,3,'ادوات بناء',null,null,null,0,null);
Insert into ACC_VOUCHER (ACC_VOUCHER_ID,AMOUNT,ACCOUNT_ID,REF_ID,PAYMENT_METHOD,PAID_TO,VOUCHER_DATE,POSTED,VOUCHER_TYPE,NOTE,CHECK_NO,CHECK_DATE,COST_CNTR_ID,COMPANY_ID,TOTAL_VAT) values (2,15,101001001001,null,1,null,to_date('19-APR-24','DD-MON-RR'),0,3,'عصا فاروع',null,null,null,0,null);
Insert into ACC_VOUCHER (ACC_VOUCHER_ID,AMOUNT,ACCOUNT_ID,REF_ID,PAYMENT_METHOD,PAID_TO,VOUCHER_DATE,POSTED,VOUCHER_TYPE,NOTE,CHECK_NO,CHECK_DATE,COST_CNTR_ID,COMPANY_ID,TOTAL_VAT) values (7,700,101001001001,null,1,null,to_date('06-MAR-24','DD-MON-RR'),0,3,'مصاريف سباكة',null,null,null,0,null);
Insert into ACC_VOUCHER (ACC_VOUCHER_ID,AMOUNT,ACCOUNT_ID,REF_ID,PAYMENT_METHOD,PAID_TO,VOUCHER_DATE,POSTED,VOUCHER_TYPE,NOTE,CHECK_NO,CHECK_DATE,COST_CNTR_ID,COMPANY_ID,TOTAL_VAT) values (14,400,101001001001,null,1,null,to_date('09-APR-24','DD-MON-RR'),0,3,'مخلفات',null,null,null,0,null);
Insert into ACC_VOUCHER (ACC_VOUCHER_ID,AMOUNT,ACCOUNT_ID,REF_ID,PAYMENT_METHOD,PAID_TO,VOUCHER_DATE,POSTED,VOUCHER_TYPE,NOTE,CHECK_NO,CHECK_DATE,COST_CNTR_ID,COMPANY_ID,TOTAL_VAT) values (16,30,101001001001,null,1,null,to_date('14-MAR-24','DD-MON-RR'),0,3,'ادوات بناء',null,null,null,0,null);
Insert into ACC_VOUCHER (ACC_VOUCHER_ID,AMOUNT,ACCOUNT_ID,REF_ID,PAYMENT_METHOD,PAID_TO,VOUCHER_DATE,POSTED,VOUCHER_TYPE,NOTE,CHECK_NO,CHECK_DATE,COST_CNTR_ID,COMPANY_ID,TOTAL_VAT) values (17,15,101001001001,null,1,null,to_date('15-MAR-24','DD-MON-RR'),0,3,'ادوات بناء',null,null,null,0,null);
Insert into ACC_VOUCHER (ACC_VOUCHER_ID,AMOUNT,ACCOUNT_ID,REF_ID,PAYMENT_METHOD,PAID_TO,VOUCHER_DATE,POSTED,VOUCHER_TYPE,NOTE,CHECK_NO,CHECK_DATE,COST_CNTR_ID,COMPANY_ID,TOTAL_VAT) values (18,6347,101001001001,5261173422,1,null,to_date('06-APR-24','DD-MON-RR'),0,3,'مواد بناء',null,null,null,0,null);
Insert into ACC_VOUCHER (ACC_VOUCHER_ID,AMOUNT,ACCOUNT_ID,REF_ID,PAYMENT_METHOD,PAID_TO,VOUCHER_DATE,POSTED,VOUCHER_TYPE,NOTE,CHECK_NO,CHECK_DATE,COST_CNTR_ID,COMPANY_ID,TOTAL_VAT) values (26,58.5,101001001001,null,1,null,to_date('28-FEB-24','DD-MON-RR'),0,3,'مواد بناء وادوات بناء',null,null,null,0,null);
Insert into ACC_VOUCHER (ACC_VOUCHER_ID,AMOUNT,ACCOUNT_ID,REF_ID,PAYMENT_METHOD,PAID_TO,VOUCHER_DATE,POSTED,VOUCHER_TYPE,NOTE,CHECK_NO,CHECK_DATE,COST_CNTR_ID,COMPANY_ID,TOTAL_VAT) values (35,400,101001001001,null,1,null,to_date('03-FEB-24','DD-MON-RR'),0,3,'مصاريف نظافة',null,null,null,0,null);
Insert into ACC_VOUCHER (ACC_VOUCHER_ID,AMOUNT,ACCOUNT_ID,REF_ID,PAYMENT_METHOD,PAID_TO,VOUCHER_DATE,POSTED,VOUCHER_TYPE,NOTE,CHECK_NO,CHECK_DATE,COST_CNTR_ID,COMPANY_ID,TOTAL_VAT) values (45,400,101001001001,2280,1,null,to_date('24-APR-24','DD-MON-RR'),0,3,'مصاريف نظافة رقم مرجع 2280',null,null,null,0,null);
Insert into ACC_VOUCHER (ACC_VOUCHER_ID,AMOUNT,ACCOUNT_ID,REF_ID,PAYMENT_METHOD,PAID_TO,VOUCHER_DATE,POSTED,VOUCHER_TYPE,NOTE,CHECK_NO,CHECK_DATE,COST_CNTR_ID,COMPANY_ID,TOTAL_VAT) values (46,400,101001001001,2281,1,null,to_date('24-MAR-24','DD-MON-RR'),0,3,'مصاريف نظافة رقم مرجع 2281',null,null,null,0,null);
Insert into ACC_VOUCHER (ACC_VOUCHER_ID,AMOUNT,ACCOUNT_ID,REF_ID,PAYMENT_METHOD,PAID_TO,VOUCHER_DATE,POSTED,VOUCHER_TYPE,NOTE,CHECK_NO,CHECK_DATE,COST_CNTR_ID,COMPANY_ID,TOTAL_VAT) values (47,400,101001001001,2440,1,null,to_date('31-MAR-24','DD-MON-RR'),0,3,'مصاريف نظافة رقم مرجع 2440',null,null,null,0,null);
Insert into ACC_VOUCHER (ACC_VOUCHER_ID,AMOUNT,ACCOUNT_ID,REF_ID,PAYMENT_METHOD,PAID_TO,VOUCHER_DATE,POSTED,VOUCHER_TYPE,NOTE,CHECK_NO,CHECK_DATE,COST_CNTR_ID,COMPANY_ID,TOTAL_VAT) values (48,400,101001001001,2439,1,null,to_date('31-MAR-24','DD-MON-RR'),0,3,'مصاريف نظافة رقم مرجع 2439',null,null,null,0,null);
Insert into ACC_VOUCHER (ACC_VOUCHER_ID,AMOUNT,ACCOUNT_ID,REF_ID,PAYMENT_METHOD,PAID_TO,VOUCHER_DATE,POSTED,VOUCHER_TYPE,NOTE,CHECK_NO,CHECK_DATE,COST_CNTR_ID,COMPANY_ID,TOTAL_VAT) values (49,400,101001001001,2310,1,null,to_date('25-MAR-24','DD-MON-RR'),0,3,'مصاريف نظافة رقم مرجع 2310',null,null,null,0,null);
Insert into ACC_VOUCHER (ACC_VOUCHER_ID,AMOUNT,ACCOUNT_ID,REF_ID,PAYMENT_METHOD,PAID_TO,VOUCHER_DATE,POSTED,VOUCHER_TYPE,NOTE,CHECK_NO,CHECK_DATE,COST_CNTR_ID,COMPANY_ID,TOTAL_VAT) values (50,400,101001001001,2309,1,null,to_date('25-MAR-24','DD-MON-RR'),0,3,'مصاريف نظافة رقم مرجع 2309',null,null,null,0,null);
Insert into ACC_VOUCHER (ACC_VOUCHER_ID,AMOUNT,ACCOUNT_ID,REF_ID,PAYMENT_METHOD,PAID_TO,VOUCHER_DATE,POSTED,VOUCHER_TYPE,NOTE,CHECK_NO,CHECK_DATE,COST_CNTR_ID,COMPANY_ID,TOTAL_VAT) values (51,400,101001001001,2334,1,null,to_date('26-MAR-24','DD-MON-RR'),0,3,'مصاريف نظافة رقم مرجع 2334',null,null,null,0,null);
Insert into ACC_VOUCHER (ACC_VOUCHER_ID,AMOUNT,ACCOUNT_ID,REF_ID,PAYMENT_METHOD,PAID_TO,VOUCHER_DATE,POSTED,VOUCHER_TYPE,NOTE,CHECK_NO,CHECK_DATE,COST_CNTR_ID,COMPANY_ID,TOTAL_VAT) values (53,350,101001001001,null,1,null,to_date('15-APR-24','DD-MON-RR'),0,3,'مصاريف نظافة رقم مرجع 2644',null,null,null,0,null);
Insert into ACC_VOUCHER (ACC_VOUCHER_ID,AMOUNT,ACCOUNT_ID,REF_ID,PAYMENT_METHOD,PAID_TO,VOUCHER_DATE,POSTED,VOUCHER_TYPE,NOTE,CHECK_NO,CHECK_DATE,COST_CNTR_ID,COMPANY_ID,TOTAL_VAT) values (54,350,101001001001,2649,1,null,to_date('15-APR-24','DD-MON-RR'),0,3,'مصاريف نظافة رقم مرجع 2649',null,null,null,0,null);
Insert into ACC_VOUCHER (ACC_VOUCHER_ID,AMOUNT,ACCOUNT_ID,REF_ID,PAYMENT_METHOD,PAID_TO,VOUCHER_DATE,POSTED,VOUCHER_TYPE,NOTE,CHECK_NO,CHECK_DATE,COST_CNTR_ID,COMPANY_ID,TOTAL_VAT) values (55,350,101001001001,2665,1,null,to_date('16-APR-24','DD-MON-RR'),0,3,'مصاريف نظافة رقم مرجع 2665',null,null,null,0,null);
Insert into ACC_VOUCHER (ACC_VOUCHER_ID,AMOUNT,ACCOUNT_ID,REF_ID,PAYMENT_METHOD,PAID_TO,VOUCHER_DATE,POSTED,VOUCHER_TYPE,NOTE,CHECK_NO,CHECK_DATE,COST_CNTR_ID,COMPANY_ID,TOTAL_VAT) values (58,350,101001001001,2876,1,null,to_date('24-APR-24','DD-MON-RR'),0,3,'مصاريف نظافة رقم مرجع 2876',null,null,null,0,null);
Insert into ACC_VOUCHER (ACC_VOUCHER_ID,AMOUNT,ACCOUNT_ID,REF_ID,PAYMENT_METHOD,PAID_TO,VOUCHER_DATE,POSTED,VOUCHER_TYPE,NOTE,CHECK_NO,CHECK_DATE,COST_CNTR_ID,COMPANY_ID,TOTAL_VAT) values (60,3050,101001001001,261173952,1,null,to_date('23-APR-24','DD-MON-RR'),0,3,'مصاريف مواد بناء رقم مرجع 261173952',null,null,null,0,null);
Insert into ACC_VOUCHER (ACC_VOUCHER_ID,AMOUNT,ACCOUNT_ID,REF_ID,PAYMENT_METHOD,PAID_TO,VOUCHER_DATE,POSTED,VOUCHER_TYPE,NOTE,CHECK_NO,CHECK_DATE,COST_CNTR_ID,COMPANY_ID,TOTAL_VAT) values (61,830.76,101001001001,10073623358,1,null,to_date('24-APR-24','DD-MON-RR'),0,3,'مصاريف نظافة رقم مرجع 10073623358',null,null,null,0,null);
Insert into ACC_VOUCHER (ACC_VOUCHER_ID,AMOUNT,ACCOUNT_ID,REF_ID,PAYMENT_METHOD,PAID_TO,VOUCHER_DATE,POSTED,VOUCHER_TYPE,NOTE,CHECK_NO,CHECK_DATE,COST_CNTR_ID,COMPANY_ID,TOTAL_VAT) values (63,720.04,101001001001,10073621818,1,null,to_date('24-APR-24','DD-MON-RR'),0,3,'مصاريف نظافة رقم مرجع 10073621818',null,null,null,0,0);
Insert into ACC_VOUCHER (ACC_VOUCHER_ID,AMOUNT,ACCOUNT_ID,REF_ID,PAYMENT_METHOD,PAID_TO,VOUCHER_DATE,POSTED,VOUCHER_TYPE,NOTE,CHECK_NO,CHECK_DATE,COST_CNTR_ID,COMPANY_ID,TOTAL_VAT) values (3,400,101001001001,null,1,null,to_date('20-MAR-24','DD-MON-RR'),0,3,'مخلفات صلبة',null,null,null,0,null);
Insert into ACC_VOUCHER (ACC_VOUCHER_ID,AMOUNT,ACCOUNT_ID,REF_ID,PAYMENT_METHOD,PAID_TO,VOUCHER_DATE,POSTED,VOUCHER_TYPE,NOTE,CHECK_NO,CHECK_DATE,COST_CNTR_ID,COMPANY_ID,TOTAL_VAT) values (1,3000,101001001001,1835,1,null,to_date('04-APR-24','DD-MON-RR'),0,3,'مقابل شراء جهاز كمبيوتر لمحل الكماليات بسعر 3000 ريال رقم الفاتورة 1835',null,null,null,0,null);
Insert into ACC_VOUCHER (ACC_VOUCHER_ID,AMOUNT,ACCOUNT_ID,REF_ID,PAYMENT_METHOD,PAID_TO,VOUCHER_DATE,POSTED,VOUCHER_TYPE,NOTE,CHECK_NO,CHECK_DATE,COST_CNTR_ID,COMPANY_ID,TOTAL_VAT) values (4,400,101001001001,null,1,null,to_date('09-MAR-24','DD-MON-RR'),0,3,'نقليات',null,null,null,0,null);
Insert into ACC_VOUCHER (ACC_VOUCHER_ID,AMOUNT,ACCOUNT_ID,REF_ID,PAYMENT_METHOD,PAID_TO,VOUCHER_DATE,POSTED,VOUCHER_TYPE,NOTE,CHECK_NO,CHECK_DATE,COST_CNTR_ID,COMPANY_ID,TOTAL_VAT) values (8,576,101001001001,null,1,null,to_date('12-MAR-24','DD-MON-RR'),0,3,'مواد بناء',null,null,null,0,null);
Insert into ACC_VOUCHER (ACC_VOUCHER_ID,AMOUNT,ACCOUNT_ID,REF_ID,PAYMENT_METHOD,PAID_TO,VOUCHER_DATE,POSTED,VOUCHER_TYPE,NOTE,CHECK_NO,CHECK_DATE,COST_CNTR_ID,COMPANY_ID,TOTAL_VAT) values (9,220,101001001001,null,1,null,to_date('05-MAR-24','DD-MON-RR'),0,3,'مواد بناء وتكاليف نقل',null,null,null,0,null);
Insert into ACC_VOUCHER (ACC_VOUCHER_ID,AMOUNT,ACCOUNT_ID,REF_ID,PAYMENT_METHOD,PAID_TO,VOUCHER_DATE,POSTED,VOUCHER_TYPE,NOTE,CHECK_NO,CHECK_DATE,COST_CNTR_ID,COMPANY_ID,TOTAL_VAT) values (10,710,101001001001,null,1,null,to_date('05-APR-24','DD-MON-RR'),0,3,'مواد بناء وتكاليف نقل',null,null,null,0,null);
Insert into ACC_VOUCHER (ACC_VOUCHER_ID,AMOUNT,ACCOUNT_ID,REF_ID,PAYMENT_METHOD,PAID_TO,VOUCHER_DATE,POSTED,VOUCHER_TYPE,NOTE,CHECK_NO,CHECK_DATE,COST_CNTR_ID,COMPANY_ID,TOTAL_VAT) values (11,115,101001001001,null,1,null,to_date('09-APR-24','DD-MON-RR'),0,3,'مواد بناء وتكاليف نقل',null,null,null,0,null);
Insert into ACC_VOUCHER (ACC_VOUCHER_ID,AMOUNT,ACCOUNT_ID,REF_ID,PAYMENT_METHOD,PAID_TO,VOUCHER_DATE,POSTED,VOUCHER_TYPE,NOTE,CHECK_NO,CHECK_DATE,COST_CNTR_ID,COMPANY_ID,TOTAL_VAT) values (12,62,101001001001,null,1,null,to_date('04-APR-24','DD-MON-RR'),0,3,'مواد بناء وتكاليف نقل',null,null,null,0,null);
Insert into ACC_VOUCHER (ACC_VOUCHER_ID,AMOUNT,ACCOUNT_ID,REF_ID,PAYMENT_METHOD,PAID_TO,VOUCHER_DATE,POSTED,VOUCHER_TYPE,NOTE,CHECK_NO,CHECK_DATE,COST_CNTR_ID,COMPANY_ID,TOTAL_VAT) values (13,30,101001001001,null,1,null,to_date('21-MAR-24','DD-MON-RR'),0,3,'مواد بناء وتكاليف نقل',null,null,null,0,null);
Insert into ACC_VOUCHER (ACC_VOUCHER_ID,AMOUNT,ACCOUNT_ID,REF_ID,PAYMENT_METHOD,PAID_TO,VOUCHER_DATE,POSTED,VOUCHER_TYPE,NOTE,CHECK_NO,CHECK_DATE,COST_CNTR_ID,COMPANY_ID,TOTAL_VAT) values (15,5.75,101001001001,null,1,null,to_date('17-MAR-24','DD-MON-RR'),0,3,'ادوات بناء',null,null,null,0,null);
Insert into ACC_VOUCHER (ACC_VOUCHER_ID,AMOUNT,ACCOUNT_ID,REF_ID,PAYMENT_METHOD,PAID_TO,VOUCHER_DATE,POSTED,VOUCHER_TYPE,NOTE,CHECK_NO,CHECK_DATE,COST_CNTR_ID,COMPANY_ID,TOTAL_VAT) values (19,103,101001001001,null,1,null,to_date('04-APR-24','DD-MON-RR'),0,3,'مواد بناء',null,null,null,0,null);
Insert into ACC_VOUCHER (ACC_VOUCHER_ID,AMOUNT,ACCOUNT_ID,REF_ID,PAYMENT_METHOD,PAID_TO,VOUCHER_DATE,POSTED,VOUCHER_TYPE,NOTE,CHECK_NO,CHECK_DATE,COST_CNTR_ID,COMPANY_ID,TOTAL_VAT) values (21,82.83,101001001001,null,1,null,to_date('15-MAR-24','DD-MON-RR'),0,3,'مواد بناء وادوات بناء',null,null,null,0,null);
Insert into ACC_VOUCHER (ACC_VOUCHER_ID,AMOUNT,ACCOUNT_ID,REF_ID,PAYMENT_METHOD,PAID_TO,VOUCHER_DATE,POSTED,VOUCHER_TYPE,NOTE,CHECK_NO,CHECK_DATE,COST_CNTR_ID,COMPANY_ID,TOTAL_VAT) values (22,47.83,101001001001,null,1,null,to_date('12-MAR-24','DD-MON-RR'),0,3,'مواد بناء وادوات بناء',null,null,null,0,null);
Insert into ACC_VOUCHER (ACC_VOUCHER_ID,AMOUNT,ACCOUNT_ID,REF_ID,PAYMENT_METHOD,PAID_TO,VOUCHER_DATE,POSTED,VOUCHER_TYPE,NOTE,CHECK_NO,CHECK_DATE,COST_CNTR_ID,COMPANY_ID,TOTAL_VAT) values (23,228.26,101001001001,null,1,null,to_date('09-APR-24','DD-MON-RR'),0,3,'مواد بناء وادوات بناء',null,null,null,0,null);
Insert into ACC_VOUCHER (ACC_VOUCHER_ID,AMOUNT,ACCOUNT_ID,REF_ID,PAYMENT_METHOD,PAID_TO,VOUCHER_DATE,POSTED,VOUCHER_TYPE,NOTE,CHECK_NO,CHECK_DATE,COST_CNTR_ID,COMPANY_ID,TOTAL_VAT) values (24,504,101001001001,null,1,null,to_date('12-MAR-24','DD-MON-RR'),0,3,'مواد بناء وادوات بناء',null,null,null,0,null);
Insert into ACC_VOUCHER (ACC_VOUCHER_ID,AMOUNT,ACCOUNT_ID,REF_ID,PAYMENT_METHOD,PAID_TO,VOUCHER_DATE,POSTED,VOUCHER_TYPE,NOTE,CHECK_NO,CHECK_DATE,COST_CNTR_ID,COMPANY_ID,TOTAL_VAT) values (25,42,101001001001,null,1,null,to_date('28-MAR-24','DD-MON-RR'),0,3,'مواد بناء وادوات بناء',null,null,null,0,null);
Insert into ACC_VOUCHER (ACC_VOUCHER_ID,AMOUNT,ACCOUNT_ID,REF_ID,PAYMENT_METHOD,PAID_TO,VOUCHER_DATE,POSTED,VOUCHER_TYPE,NOTE,CHECK_NO,CHECK_DATE,COST_CNTR_ID,COMPANY_ID,TOTAL_VAT) values (27,1600,101001001001,null,1,null,to_date('02-APR-24','DD-MON-RR'),0,3,'مصاريف نظافة',null,null,null,0,null);
Insert into ACC_VOUCHER (ACC_VOUCHER_ID,AMOUNT,ACCOUNT_ID,REF_ID,PAYMENT_METHOD,PAID_TO,VOUCHER_DATE,POSTED,VOUCHER_TYPE,NOTE,CHECK_NO,CHECK_DATE,COST_CNTR_ID,COMPANY_ID,TOTAL_VAT) values (28,331,101001001001,null,1,null,to_date('01-MAR-24','DD-MON-RR'),0,3,'مواد بناء وادوات بناء',null,null,null,0,null);
Insert into ACC_VOUCHER (ACC_VOUCHER_ID,AMOUNT,ACCOUNT_ID,REF_ID,PAYMENT_METHOD,PAID_TO,VOUCHER_DATE,POSTED,VOUCHER_TYPE,NOTE,CHECK_NO,CHECK_DATE,COST_CNTR_ID,COMPANY_ID,TOTAL_VAT) values (29,1056,101001001001,null,1,null,to_date('01-MAR-24','DD-MON-RR'),0,3,'مواد بناء وادوات بناء',null,null,null,0,null);
Insert into ACC_VOUCHER (ACC_VOUCHER_ID,AMOUNT,ACCOUNT_ID,REF_ID,PAYMENT_METHOD,PAID_TO,VOUCHER_DATE,POSTED,VOUCHER_TYPE,NOTE,CHECK_NO,CHECK_DATE,COST_CNTR_ID,COMPANY_ID,TOTAL_VAT) values (30,1308.15,101001001001,null,1,null,to_date('01-MAR-24','DD-MON-RR'),0,3,'مواد بناء وادوات بناء',null,null,null,0,null);
Insert into ACC_VOUCHER (ACC_VOUCHER_ID,AMOUNT,ACCOUNT_ID,REF_ID,PAYMENT_METHOD,PAID_TO,VOUCHER_DATE,POSTED,VOUCHER_TYPE,NOTE,CHECK_NO,CHECK_DATE,COST_CNTR_ID,COMPANY_ID,TOTAL_VAT) values (31,40,101001001001,null,1,null,to_date('28-FEB-24','DD-MON-RR'),0,3,'مواد بناء وادوات بناء',null,null,null,0,null);
Insert into ACC_VOUCHER (ACC_VOUCHER_ID,AMOUNT,ACCOUNT_ID,REF_ID,PAYMENT_METHOD,PAID_TO,VOUCHER_DATE,POSTED,VOUCHER_TYPE,NOTE,CHECK_NO,CHECK_DATE,COST_CNTR_ID,COMPANY_ID,TOTAL_VAT) values (32,325.35,101001001001,null,1,null,to_date('19-FEB-24','DD-MON-RR'),0,3,'مواد بناء وادوات بناء',null,null,null,0,null);
Insert into ACC_VOUCHER (ACC_VOUCHER_ID,AMOUNT,ACCOUNT_ID,REF_ID,PAYMENT_METHOD,PAID_TO,VOUCHER_DATE,POSTED,VOUCHER_TYPE,NOTE,CHECK_NO,CHECK_DATE,COST_CNTR_ID,COMPANY_ID,TOTAL_VAT) values (33,1009,101001001001,null,1,null,to_date('08-FEB-24','DD-MON-RR'),0,3,'مواد بناء وادوات بناء',null,null,null,0,null);
Insert into ACC_VOUCHER (ACC_VOUCHER_ID,AMOUNT,ACCOUNT_ID,REF_ID,PAYMENT_METHOD,PAID_TO,VOUCHER_DATE,POSTED,VOUCHER_TYPE,NOTE,CHECK_NO,CHECK_DATE,COST_CNTR_ID,COMPANY_ID,TOTAL_VAT) values (34,400,101001001001,null,1,null,to_date('04-MAR-24','DD-MON-RR'),0,3,'مصاريف نظافة',null,null,null,0,null);
Insert into ACC_VOUCHER (ACC_VOUCHER_ID,AMOUNT,ACCOUNT_ID,REF_ID,PAYMENT_METHOD,PAID_TO,VOUCHER_DATE,POSTED,VOUCHER_TYPE,NOTE,CHECK_NO,CHECK_DATE,COST_CNTR_ID,COMPANY_ID,TOTAL_VAT) values (36,400,101001001001,null,1,null,to_date('02-MAR-24','DD-MON-RR'),0,3,'مصاريف نظافة',null,null,null,0,null);
Insert into ACC_VOUCHER (ACC_VOUCHER_ID,AMOUNT,ACCOUNT_ID,REF_ID,PAYMENT_METHOD,PAID_TO,VOUCHER_DATE,POSTED,VOUCHER_TYPE,NOTE,CHECK_NO,CHECK_DATE,COST_CNTR_ID,COMPANY_ID,TOTAL_VAT) values (37,232.5,101001001001,null,1,null,to_date('18-FEB-42','DD-MON-RR'),0,3,'مواد بناء وادوات بناء',null,null,null,0,null);
Insert into ACC_VOUCHER (ACC_VOUCHER_ID,AMOUNT,ACCOUNT_ID,REF_ID,PAYMENT_METHOD,PAID_TO,VOUCHER_DATE,POSTED,VOUCHER_TYPE,NOTE,CHECK_NO,CHECK_DATE,COST_CNTR_ID,COMPANY_ID,TOTAL_VAT) values (39,400,101001001001,null,1,null,to_date('09-APR-24','DD-MON-RR'),0,3,'مصاريف نظافة',null,null,null,0,null);
Insert into ACC_VOUCHER (ACC_VOUCHER_ID,AMOUNT,ACCOUNT_ID,REF_ID,PAYMENT_METHOD,PAID_TO,VOUCHER_DATE,POSTED,VOUCHER_TYPE,NOTE,CHECK_NO,CHECK_DATE,COST_CNTR_ID,COMPANY_ID,TOTAL_VAT) values (41,400,101001001001,null,1,null,to_date('11-APR-24','DD-MON-RR'),0,3,'مصاريف نظافة',null,null,null,0,null);
Insert into ACC_VOUCHER (ACC_VOUCHER_ID,AMOUNT,ACCOUNT_ID,REF_ID,PAYMENT_METHOD,PAID_TO,VOUCHER_DATE,POSTED,VOUCHER_TYPE,NOTE,CHECK_NO,CHECK_DATE,COST_CNTR_ID,COMPANY_ID,TOTAL_VAT) values (42,9061.24,101001001001,null,1,null,to_date('02-MAR-24','DD-MON-RR'),0,3,'مواد وادوات بناء',null,null,null,0,null);
Insert into ACC_VOUCHER (ACC_VOUCHER_ID,AMOUNT,ACCOUNT_ID,REF_ID,PAYMENT_METHOD,PAID_TO,VOUCHER_DATE,POSTED,VOUCHER_TYPE,NOTE,CHECK_NO,CHECK_DATE,COST_CNTR_ID,COMPANY_ID,TOTAL_VAT) values (43,95.65,101001001001,null,1,null,to_date('03-MAR-24','DD-MON-RR'),0,3,'مواد وادوات بناء',null,null,null,0,null);
Insert into ACC_VOUCHER (ACC_VOUCHER_ID,AMOUNT,ACCOUNT_ID,REF_ID,PAYMENT_METHOD,PAID_TO,VOUCHER_DATE,POSTED,VOUCHER_TYPE,NOTE,CHECK_NO,CHECK_DATE,COST_CNTR_ID,COMPANY_ID,TOTAL_VAT) values (44,1500,101001001001,null,1,null,to_date('07-MAR-42','DD-MON-RR'),0,3,'مواد وادوات بناء',null,null,null,0,null);
Insert into ACC_VOUCHER (ACC_VOUCHER_ID,AMOUNT,ACCOUNT_ID,REF_ID,PAYMENT_METHOD,PAID_TO,VOUCHER_DATE,POSTED,VOUCHER_TYPE,NOTE,CHECK_NO,CHECK_DATE,COST_CNTR_ID,COMPANY_ID,TOTAL_VAT) values (38,595,101001001001,null,1,null,to_date('07-MAR-24','DD-MON-RR'),0,3,'مواد بناء وادوات بناء',null,null,null,0,null);
Insert into ACC_VOUCHER (ACC_VOUCHER_ID,AMOUNT,ACCOUNT_ID,REF_ID,PAYMENT_METHOD,PAID_TO,VOUCHER_DATE,POSTED,VOUCHER_TYPE,NOTE,CHECK_NO,CHECK_DATE,COST_CNTR_ID,COMPANY_ID,TOTAL_VAT) values (40,33,101001001001,null,1,null,to_date('05-MAR-24','DD-MON-RR'),0,3,'مواد وادوات بناء',null,null,null,0,null);
Insert into ACC_VOUCHER (ACC_VOUCHER_ID,AMOUNT,ACCOUNT_ID,REF_ID,PAYMENT_METHOD,PAID_TO,VOUCHER_DATE,POSTED,VOUCHER_TYPE,NOTE,CHECK_NO,CHECK_DATE,COST_CNTR_ID,COMPANY_ID,TOTAL_VAT) values (52,26667,101001001001,3114050487232001,1,null,to_date('29-APR-24','DD-MON-RR'),0,3,'مقابل ضريبة الدخل لسنة 2023 رقم المرجع 3114050487232001',null,null,null,0,null);
Insert into ACC_VOUCHER (ACC_VOUCHER_ID,AMOUNT,ACCOUNT_ID,REF_ID,PAYMENT_METHOD,PAID_TO,VOUCHER_DATE,POSTED,VOUCHER_TYPE,NOTE,CHECK_NO,CHECK_DATE,COST_CNTR_ID,COMPANY_ID,TOTAL_VAT) values (5,300,101001001001,null,1,null,to_date('05-MAR-24','DD-MON-RR'),0,3,'سقالات',null,null,null,0,null);
Insert into ACC_VOUCHER (ACC_VOUCHER_ID,AMOUNT,ACCOUNT_ID,REF_ID,PAYMENT_METHOD,PAID_TO,VOUCHER_DATE,POSTED,VOUCHER_TYPE,NOTE,CHECK_NO,CHECK_DATE,COST_CNTR_ID,COMPANY_ID,TOTAL_VAT) values (20,1200,101001001001,null,1,null,to_date('23-MAR-24','DD-MON-RR'),0,3,'مواد بناء',null,null,null,0,null);
Insert into ACC_VOUCHER (ACC_VOUCHER_ID,AMOUNT,ACCOUNT_ID,REF_ID,PAYMENT_METHOD,PAID_TO,VOUCHER_DATE,POSTED,VOUCHER_TYPE,NOTE,CHECK_NO,CHECK_DATE,COST_CNTR_ID,COMPANY_ID,TOTAL_VAT) values (56,350,101001001001,2687,1,null,to_date('17-APR-24','DD-MON-RR'),0,3,'مصاريف نظافة رقم مرجع 2687',null,null,null,0,null);
Insert into ACC_VOUCHER (ACC_VOUCHER_ID,AMOUNT,ACCOUNT_ID,REF_ID,PAYMENT_METHOD,PAID_TO,VOUCHER_DATE,POSTED,VOUCHER_TYPE,NOTE,CHECK_NO,CHECK_DATE,COST_CNTR_ID,COMPANY_ID,TOTAL_VAT) values (57,350,101001001001,2847,1,null,to_date('23-APR-24','DD-MON-RR'),0,3,'مصاريف نظافة رقم مرجع 2847',null,null,null,0,null);
Insert into ACC_VOUCHER (ACC_VOUCHER_ID,AMOUNT,ACCOUNT_ID,REF_ID,PAYMENT_METHOD,PAID_TO,VOUCHER_DATE,POSTED,VOUCHER_TYPE,NOTE,CHECK_NO,CHECK_DATE,COST_CNTR_ID,COMPANY_ID,TOTAL_VAT) values (59,350,101001001001,3014,1,null,to_date('01-MAY-24','DD-MON-RR'),0,3,'مصاريف نظافة رقم مرجع 3014',null,null,null,0,null);
Insert into ACC_VOUCHER (ACC_VOUCHER_ID,AMOUNT,ACCOUNT_ID,REF_ID,PAYMENT_METHOD,PAID_TO,VOUCHER_DATE,POSTED,VOUCHER_TYPE,NOTE,CHECK_NO,CHECK_DATE,COST_CNTR_ID,COMPANY_ID,TOTAL_VAT) values (62,409.13,101001001001,10073621569,1,null,to_date('24-APR-24','DD-MON-RR'),0,3,'مصاريف نظافة رقم مرجع 10073621569',null,null,null,0,null);
Insert into ACC_VOUCHER (ACC_VOUCHER_ID,AMOUNT,ACCOUNT_ID,REF_ID,PAYMENT_METHOD,PAID_TO,VOUCHER_DATE,POSTED,VOUCHER_TYPE,NOTE,CHECK_NO,CHECK_DATE,COST_CNTR_ID,COMPANY_ID,TOTAL_VAT) values (64,709.511,101001001001,111,1,null,to_date('22-JUL-24','DD-MON-RR'),0,2,null,null,null,1,0,79.501);
REM INSERTING into ACC_VOUCHER_DTL
SET DEFINE OFF;
Insert into ACC_VOUCHER_DTL (ACC_VOUCHER_DTL_ID,ACC_VOUCHER_ID,ACCOUNT_ID,REF_ID,AMOUNT,NOTE,COST_CNTR_ID,TAX_RATE,TAX_AMOUNT,TOTAL_AMOUNT) values (31,7,303001001002,null,700,'مصاريف سباكة',null,null,null,null);
Insert into ACC_VOUCHER_DTL (ACC_VOUCHER_DTL_ID,ACC_VOUCHER_ID,ACCOUNT_ID,REF_ID,AMOUNT,NOTE,COST_CNTR_ID,TAX_RATE,TAX_AMOUNT,TOTAL_AMOUNT) values (26,2,303001001002,null,15,'عصا فاروع',null,null,null,null);
Insert into ACC_VOUCHER_DTL (ACC_VOUCHER_DTL_ID,ACC_VOUCHER_ID,ACCOUNT_ID,REF_ID,AMOUNT,NOTE,COST_CNTR_ID,TAX_RATE,TAX_AMOUNT,TOTAL_AMOUNT) values (30,6,303001001002,null,2360,'ادوات بناء',null,null,null,null);
Insert into ACC_VOUCHER_DTL (ACC_VOUCHER_DTL_ID,ACC_VOUCHER_ID,ACCOUNT_ID,REF_ID,AMOUNT,NOTE,COST_CNTR_ID,TAX_RATE,TAX_AMOUNT,TOTAL_AMOUNT) values (38,14,303001001002,null,400,'مخلفات',null,null,null,null);
Insert into ACC_VOUCHER_DTL (ACC_VOUCHER_DTL_ID,ACC_VOUCHER_ID,ACCOUNT_ID,REF_ID,AMOUNT,NOTE,COST_CNTR_ID,TAX_RATE,TAX_AMOUNT,TOTAL_AMOUNT) values (40,16,303001001002,null,30,'ادوات بناء',null,null,null,null);
Insert into ACC_VOUCHER_DTL (ACC_VOUCHER_DTL_ID,ACC_VOUCHER_ID,ACCOUNT_ID,REF_ID,AMOUNT,NOTE,COST_CNTR_ID,TAX_RATE,TAX_AMOUNT,TOTAL_AMOUNT) values (41,17,303001001002,null,15,'ادوات بناء',null,null,null,null);
Insert into ACC_VOUCHER_DTL (ACC_VOUCHER_DTL_ID,ACC_VOUCHER_ID,ACCOUNT_ID,REF_ID,AMOUNT,NOTE,COST_CNTR_ID,TAX_RATE,TAX_AMOUNT,TOTAL_AMOUNT) values (42,18,303001001002,null,6347,'مواد بناء',null,null,null,null);
Insert into ACC_VOUCHER_DTL (ACC_VOUCHER_DTL_ID,ACC_VOUCHER_ID,ACCOUNT_ID,REF_ID,AMOUNT,NOTE,COST_CNTR_ID,TAX_RATE,TAX_AMOUNT,TOTAL_AMOUNT) values (50,26,303001001002,null,58.5,'مواد بناء وادوات بناء',null,null,null,null);
Insert into ACC_VOUCHER_DTL (ACC_VOUCHER_DTL_ID,ACC_VOUCHER_ID,ACCOUNT_ID,REF_ID,AMOUNT,NOTE,COST_CNTR_ID,TAX_RATE,TAX_AMOUNT,TOTAL_AMOUNT) values (59,35,303001001002,null,400,'مصاريف نظافة',null,null,null,null);
Insert into ACC_VOUCHER_DTL (ACC_VOUCHER_DTL_ID,ACC_VOUCHER_ID,ACCOUNT_ID,REF_ID,AMOUNT,NOTE,COST_CNTR_ID,TAX_RATE,TAX_AMOUNT,TOTAL_AMOUNT) values (81,45,101008001001,null,52.17,'مصاريف قضائية',null,null,null,null);
Insert into ACC_VOUCHER_DTL (ACC_VOUCHER_DTL_ID,ACC_VOUCHER_ID,ACCOUNT_ID,REF_ID,AMOUNT,NOTE,COST_CNTR_ID,TAX_RATE,TAX_AMOUNT,TOTAL_AMOUNT) values (82,45,303001001002,null,347.83,'مصاريف قضائية',null,null,null,null);
Insert into ACC_VOUCHER_DTL (ACC_VOUCHER_DTL_ID,ACC_VOUCHER_ID,ACCOUNT_ID,REF_ID,AMOUNT,NOTE,COST_CNTR_ID,TAX_RATE,TAX_AMOUNT,TOTAL_AMOUNT) values (83,46,101008001001,null,52.17,'مصاريف قضائية رقم مرجع 2280',null,null,null,null);
Insert into ACC_VOUCHER_DTL (ACC_VOUCHER_DTL_ID,ACC_VOUCHER_ID,ACCOUNT_ID,REF_ID,AMOUNT,NOTE,COST_CNTR_ID,TAX_RATE,TAX_AMOUNT,TOTAL_AMOUNT) values (84,46,301007001001,null,347.83,'مصاريف قضائية رقم مرجع 2280',null,null,null,null);
Insert into ACC_VOUCHER_DTL (ACC_VOUCHER_DTL_ID,ACC_VOUCHER_ID,ACCOUNT_ID,REF_ID,AMOUNT,NOTE,COST_CNTR_ID,TAX_RATE,TAX_AMOUNT,TOTAL_AMOUNT) values (85,47,301007001001,null,347.83,null,null,null,null,null);
Insert into ACC_VOUCHER_DTL (ACC_VOUCHER_DTL_ID,ACC_VOUCHER_ID,ACCOUNT_ID,REF_ID,AMOUNT,NOTE,COST_CNTR_ID,TAX_RATE,TAX_AMOUNT,TOTAL_AMOUNT) values (86,47,101008001001,null,52.17,null,null,null,null,null);
Insert into ACC_VOUCHER_DTL (ACC_VOUCHER_DTL_ID,ACC_VOUCHER_ID,ACCOUNT_ID,REF_ID,AMOUNT,NOTE,COST_CNTR_ID,TAX_RATE,TAX_AMOUNT,TOTAL_AMOUNT) values (87,48,301007001001,null,347.83,null,null,null,null,null);
Insert into ACC_VOUCHER_DTL (ACC_VOUCHER_DTL_ID,ACC_VOUCHER_ID,ACCOUNT_ID,REF_ID,AMOUNT,NOTE,COST_CNTR_ID,TAX_RATE,TAX_AMOUNT,TOTAL_AMOUNT) values (88,48,101008001001,null,52.17,null,null,null,null,null);
Insert into ACC_VOUCHER_DTL (ACC_VOUCHER_DTL_ID,ACC_VOUCHER_ID,ACCOUNT_ID,REF_ID,AMOUNT,NOTE,COST_CNTR_ID,TAX_RATE,TAX_AMOUNT,TOTAL_AMOUNT) values (89,49,101008001001,null,52.17,null,null,null,null,null);
Insert into ACC_VOUCHER_DTL (ACC_VOUCHER_DTL_ID,ACC_VOUCHER_ID,ACCOUNT_ID,REF_ID,AMOUNT,NOTE,COST_CNTR_ID,TAX_RATE,TAX_AMOUNT,TOTAL_AMOUNT) values (90,49,301007001001,null,347.83,null,null,null,null,null);
Insert into ACC_VOUCHER_DTL (ACC_VOUCHER_DTL_ID,ACC_VOUCHER_ID,ACCOUNT_ID,REF_ID,AMOUNT,NOTE,COST_CNTR_ID,TAX_RATE,TAX_AMOUNT,TOTAL_AMOUNT) values (91,50,301007001001,null,347.83,null,null,null,null,null);
Insert into ACC_VOUCHER_DTL (ACC_VOUCHER_DTL_ID,ACC_VOUCHER_ID,ACCOUNT_ID,REF_ID,AMOUNT,NOTE,COST_CNTR_ID,TAX_RATE,TAX_AMOUNT,TOTAL_AMOUNT) values (92,50,101008001001,null,52.17,null,null,null,null,null);
Insert into ACC_VOUCHER_DTL (ACC_VOUCHER_DTL_ID,ACC_VOUCHER_ID,ACCOUNT_ID,REF_ID,AMOUNT,NOTE,COST_CNTR_ID,TAX_RATE,TAX_AMOUNT,TOTAL_AMOUNT) values (93,51,101008001001,null,52.83,'مصاريف قضائية رقم مرجع 2334',null,null,null,null);
Insert into ACC_VOUCHER_DTL (ACC_VOUCHER_DTL_ID,ACC_VOUCHER_ID,ACCOUNT_ID,REF_ID,AMOUNT,NOTE,COST_CNTR_ID,TAX_RATE,TAX_AMOUNT,TOTAL_AMOUNT) values (94,51,301007001001,null,347.17,'مصاريف قضائية رقم مرجع 2334',null,null,null,null);
Insert into ACC_VOUCHER_DTL (ACC_VOUCHER_DTL_ID,ACC_VOUCHER_ID,ACCOUNT_ID,REF_ID,AMOUNT,NOTE,COST_CNTR_ID,TAX_RATE,TAX_AMOUNT,TOTAL_AMOUNT) values (96,53,301007001001,null,304.35,null,null,null,null,null);
Insert into ACC_VOUCHER_DTL (ACC_VOUCHER_DTL_ID,ACC_VOUCHER_ID,ACCOUNT_ID,REF_ID,AMOUNT,NOTE,COST_CNTR_ID,TAX_RATE,TAX_AMOUNT,TOTAL_AMOUNT) values (97,53,101008001001,null,45.65,null,null,null,null,null);
Insert into ACC_VOUCHER_DTL (ACC_VOUCHER_DTL_ID,ACC_VOUCHER_ID,ACCOUNT_ID,REF_ID,AMOUNT,NOTE,COST_CNTR_ID,TAX_RATE,TAX_AMOUNT,TOTAL_AMOUNT) values (98,54,304001001001,null,45.65,'مصاريف نظافة رقم مرجع 2649',null,null,null,null);
Insert into ACC_VOUCHER_DTL (ACC_VOUCHER_DTL_ID,ACC_VOUCHER_ID,ACCOUNT_ID,REF_ID,AMOUNT,NOTE,COST_CNTR_ID,TAX_RATE,TAX_AMOUNT,TOTAL_AMOUNT) values (99,54,301007001001,null,304.35,'مصاريف نظافة رقم مرجع 2649',null,null,null,null);
Insert into ACC_VOUCHER_DTL (ACC_VOUCHER_DTL_ID,ACC_VOUCHER_ID,ACCOUNT_ID,REF_ID,AMOUNT,NOTE,COST_CNTR_ID,TAX_RATE,TAX_AMOUNT,TOTAL_AMOUNT) values (100,55,101008001001,null,45.65,'مصاريف نظافة رقم مرجع 2665',null,null,null,null);
Insert into ACC_VOUCHER_DTL (ACC_VOUCHER_DTL_ID,ACC_VOUCHER_ID,ACCOUNT_ID,REF_ID,AMOUNT,NOTE,COST_CNTR_ID,TAX_RATE,TAX_AMOUNT,TOTAL_AMOUNT) values (101,55,301007001001,null,304.35,'مصاريف نظافة رقم مرجع 2665',null,null,null,null);
Insert into ACC_VOUCHER_DTL (ACC_VOUCHER_DTL_ID,ACC_VOUCHER_ID,ACCOUNT_ID,REF_ID,AMOUNT,NOTE,COST_CNTR_ID,TAX_RATE,TAX_AMOUNT,TOTAL_AMOUNT) values (106,58,101008001001,null,45.65,'مصاريف نظافة رقم مرجع 2876',null,null,null,null);
Insert into ACC_VOUCHER_DTL (ACC_VOUCHER_DTL_ID,ACC_VOUCHER_ID,ACCOUNT_ID,REF_ID,AMOUNT,NOTE,COST_CNTR_ID,TAX_RATE,TAX_AMOUNT,TOTAL_AMOUNT) values (107,58,301007001001,null,304.35,'مصاريف نظافة رقم مرجع 2876',null,null,null,null);
Insert into ACC_VOUCHER_DTL (ACC_VOUCHER_DTL_ID,ACC_VOUCHER_ID,ACCOUNT_ID,REF_ID,AMOUNT,NOTE,COST_CNTR_ID,TAX_RATE,TAX_AMOUNT,TOTAL_AMOUNT) values (110,60,101008001001,null,397.83,'مصاريف مواد بناء رقم مرجع 261173952',null,null,null,null);
Insert into ACC_VOUCHER_DTL (ACC_VOUCHER_DTL_ID,ACC_VOUCHER_ID,ACCOUNT_ID,REF_ID,AMOUNT,NOTE,COST_CNTR_ID,TAX_RATE,TAX_AMOUNT,TOTAL_AMOUNT) values (111,60,303001001002,null,2652.17,'مصاريف مواد بناء رقم مرجع 261173952',null,null,null,null);
Insert into ACC_VOUCHER_DTL (ACC_VOUCHER_DTL_ID,ACC_VOUCHER_ID,ACCOUNT_ID,REF_ID,AMOUNT,NOTE,COST_CNTR_ID,TAX_RATE,TAX_AMOUNT,TOTAL_AMOUNT) values (112,61,301007001001,null,830.76,'مصاريف نظافة رقم مرجع 10073623358',null,null,null,null);
Insert into ACC_VOUCHER_DTL (ACC_VOUCHER_DTL_ID,ACC_VOUCHER_ID,ACCOUNT_ID,REF_ID,AMOUNT,NOTE,COST_CNTR_ID,TAX_RATE,TAX_AMOUNT,TOTAL_AMOUNT) values (114,63,301007001001,10073621818,720.04,'مصاريف نظافة رقم مرجع 10073623358',1,0,0,720.04);
Insert into ACC_VOUCHER_DTL (ACC_VOUCHER_DTL_ID,ACC_VOUCHER_ID,ACCOUNT_ID,REF_ID,AMOUNT,NOTE,COST_CNTR_ID,TAX_RATE,TAX_AMOUNT,TOTAL_AMOUNT) values (27,3,303001001002,null,400,'مخلفات صلبة',null,null,null,null);
Insert into ACC_VOUCHER_DTL (ACC_VOUCHER_DTL_ID,ACC_VOUCHER_ID,ACCOUNT_ID,REF_ID,AMOUNT,NOTE,COST_CNTR_ID,TAX_RATE,TAX_AMOUNT,TOTAL_AMOUNT) values (28,4,303001001002,null,400,'نقليات',null,null,null,null);
Insert into ACC_VOUCHER_DTL (ACC_VOUCHER_DTL_ID,ACC_VOUCHER_ID,ACCOUNT_ID,REF_ID,AMOUNT,NOTE,COST_CNTR_ID,TAX_RATE,TAX_AMOUNT,TOTAL_AMOUNT) values (24,1,303001001001,1835,2609,'مقابل شراء جهاز كمبيوتر لمحل الكماليات بسعر 3000 ريال رقم الفاتورة 1835',null,15,391,null);
Insert into ACC_VOUCHER_DTL (ACC_VOUCHER_DTL_ID,ACC_VOUCHER_ID,ACCOUNT_ID,REF_ID,AMOUNT,NOTE,COST_CNTR_ID,TAX_RATE,TAX_AMOUNT,TOTAL_AMOUNT) values (25,1,101008001001,null,391,'مقابل شراء جهاز كمبيوتر لمحل الكماليات بسعر 3000 ريال رقم الفاتورة 1835',null,null,null,null);
Insert into ACC_VOUCHER_DTL (ACC_VOUCHER_DTL_ID,ACC_VOUCHER_ID,ACCOUNT_ID,REF_ID,AMOUNT,NOTE,COST_CNTR_ID,TAX_RATE,TAX_AMOUNT,TOTAL_AMOUNT) values (32,8,303001001002,null,576,'مواد بناء',null,null,null,null);
Insert into ACC_VOUCHER_DTL (ACC_VOUCHER_DTL_ID,ACC_VOUCHER_ID,ACCOUNT_ID,REF_ID,AMOUNT,NOTE,COST_CNTR_ID,TAX_RATE,TAX_AMOUNT,TOTAL_AMOUNT) values (33,9,303001001002,null,220,'مواد بناء وتكاليف نقل',null,null,null,null);
Insert into ACC_VOUCHER_DTL (ACC_VOUCHER_DTL_ID,ACC_VOUCHER_ID,ACCOUNT_ID,REF_ID,AMOUNT,NOTE,COST_CNTR_ID,TAX_RATE,TAX_AMOUNT,TOTAL_AMOUNT) values (34,10,303001001002,null,710,'مواد بناء وتكاليف نقل',null,null,null,null);
Insert into ACC_VOUCHER_DTL (ACC_VOUCHER_DTL_ID,ACC_VOUCHER_ID,ACCOUNT_ID,REF_ID,AMOUNT,NOTE,COST_CNTR_ID,TAX_RATE,TAX_AMOUNT,TOTAL_AMOUNT) values (35,11,303001001002,null,115,'مواد بناء وتكاليف نقل',null,null,null,null);
Insert into ACC_VOUCHER_DTL (ACC_VOUCHER_DTL_ID,ACC_VOUCHER_ID,ACCOUNT_ID,REF_ID,AMOUNT,NOTE,COST_CNTR_ID,TAX_RATE,TAX_AMOUNT,TOTAL_AMOUNT) values (36,12,303001001002,null,62,'مواد بناء وتكاليف نقل',null,null,null,null);
Insert into ACC_VOUCHER_DTL (ACC_VOUCHER_DTL_ID,ACC_VOUCHER_ID,ACCOUNT_ID,REF_ID,AMOUNT,NOTE,COST_CNTR_ID,TAX_RATE,TAX_AMOUNT,TOTAL_AMOUNT) values (37,13,303001001002,null,30,'مواد بناء وتكاليف نقل',null,null,null,null);
Insert into ACC_VOUCHER_DTL (ACC_VOUCHER_DTL_ID,ACC_VOUCHER_ID,ACCOUNT_ID,REF_ID,AMOUNT,NOTE,COST_CNTR_ID,TAX_RATE,TAX_AMOUNT,TOTAL_AMOUNT) values (39,15,303001001002,null,5.75,'ادوات بناء',null,null,null,null);
Insert into ACC_VOUCHER_DTL (ACC_VOUCHER_DTL_ID,ACC_VOUCHER_ID,ACCOUNT_ID,REF_ID,AMOUNT,NOTE,COST_CNTR_ID,TAX_RATE,TAX_AMOUNT,TOTAL_AMOUNT) values (43,19,303001001002,null,103,'مواد بناء',null,null,null,null);
Insert into ACC_VOUCHER_DTL (ACC_VOUCHER_DTL_ID,ACC_VOUCHER_ID,ACCOUNT_ID,REF_ID,AMOUNT,NOTE,COST_CNTR_ID,TAX_RATE,TAX_AMOUNT,TOTAL_AMOUNT) values (45,21,303001001002,null,82.83,'مواد بناء وادوات بناء',null,null,null,null);
Insert into ACC_VOUCHER_DTL (ACC_VOUCHER_DTL_ID,ACC_VOUCHER_ID,ACCOUNT_ID,REF_ID,AMOUNT,NOTE,COST_CNTR_ID,TAX_RATE,TAX_AMOUNT,TOTAL_AMOUNT) values (46,22,303001001002,null,47.83,'مواد بناء وادوات بناء',null,null,null,null);
Insert into ACC_VOUCHER_DTL (ACC_VOUCHER_DTL_ID,ACC_VOUCHER_ID,ACCOUNT_ID,REF_ID,AMOUNT,NOTE,COST_CNTR_ID,TAX_RATE,TAX_AMOUNT,TOTAL_AMOUNT) values (47,23,303001001002,null,228.26,'مواد بناء وادوات بناء',null,null,null,null);
Insert into ACC_VOUCHER_DTL (ACC_VOUCHER_DTL_ID,ACC_VOUCHER_ID,ACCOUNT_ID,REF_ID,AMOUNT,NOTE,COST_CNTR_ID,TAX_RATE,TAX_AMOUNT,TOTAL_AMOUNT) values (48,24,303001001002,null,504,'مواد بناء وادوات بناء',null,null,null,null);
Insert into ACC_VOUCHER_DTL (ACC_VOUCHER_DTL_ID,ACC_VOUCHER_ID,ACCOUNT_ID,REF_ID,AMOUNT,NOTE,COST_CNTR_ID,TAX_RATE,TAX_AMOUNT,TOTAL_AMOUNT) values (49,25,303001001002,null,42,'مواد بناء وادوات بناء',null,null,null,null);
Insert into ACC_VOUCHER_DTL (ACC_VOUCHER_DTL_ID,ACC_VOUCHER_ID,ACCOUNT_ID,REF_ID,AMOUNT,NOTE,COST_CNTR_ID,TAX_RATE,TAX_AMOUNT,TOTAL_AMOUNT) values (51,27,303001001002,null,1600,'مصاريف نظافة',null,null,null,null);
Insert into ACC_VOUCHER_DTL (ACC_VOUCHER_DTL_ID,ACC_VOUCHER_ID,ACCOUNT_ID,REF_ID,AMOUNT,NOTE,COST_CNTR_ID,TAX_RATE,TAX_AMOUNT,TOTAL_AMOUNT) values (52,28,303001001002,null,331,'مواد بناء وادوات بناء',null,null,null,null);
Insert into ACC_VOUCHER_DTL (ACC_VOUCHER_DTL_ID,ACC_VOUCHER_ID,ACCOUNT_ID,REF_ID,AMOUNT,NOTE,COST_CNTR_ID,TAX_RATE,TAX_AMOUNT,TOTAL_AMOUNT) values (53,29,303001001002,null,1056,'مواد بناء وادوات بناء',null,null,null,null);
Insert into ACC_VOUCHER_DTL (ACC_VOUCHER_DTL_ID,ACC_VOUCHER_ID,ACCOUNT_ID,REF_ID,AMOUNT,NOTE,COST_CNTR_ID,TAX_RATE,TAX_AMOUNT,TOTAL_AMOUNT) values (54,30,303001001002,null,1308.15,'مواد بناء وادوات بناء',null,null,null,null);
Insert into ACC_VOUCHER_DTL (ACC_VOUCHER_DTL_ID,ACC_VOUCHER_ID,ACCOUNT_ID,REF_ID,AMOUNT,NOTE,COST_CNTR_ID,TAX_RATE,TAX_AMOUNT,TOTAL_AMOUNT) values (55,31,303001001002,null,40,'مواد بناء وادوات بناء',null,null,null,null);
Insert into ACC_VOUCHER_DTL (ACC_VOUCHER_DTL_ID,ACC_VOUCHER_ID,ACCOUNT_ID,REF_ID,AMOUNT,NOTE,COST_CNTR_ID,TAX_RATE,TAX_AMOUNT,TOTAL_AMOUNT) values (56,32,303001001002,null,325.35,'مواد بناء وادوات بناء',null,null,null,null);
Insert into ACC_VOUCHER_DTL (ACC_VOUCHER_DTL_ID,ACC_VOUCHER_ID,ACCOUNT_ID,REF_ID,AMOUNT,NOTE,COST_CNTR_ID,TAX_RATE,TAX_AMOUNT,TOTAL_AMOUNT) values (57,33,303001001002,null,1009,'مواد بناء وادوات بناء',null,null,null,null);
Insert into ACC_VOUCHER_DTL (ACC_VOUCHER_DTL_ID,ACC_VOUCHER_ID,ACCOUNT_ID,REF_ID,AMOUNT,NOTE,COST_CNTR_ID,TAX_RATE,TAX_AMOUNT,TOTAL_AMOUNT) values (58,34,303001001002,null,400,'مصاريف نظافة',null,null,null,null);
Insert into ACC_VOUCHER_DTL (ACC_VOUCHER_DTL_ID,ACC_VOUCHER_ID,ACCOUNT_ID,REF_ID,AMOUNT,NOTE,COST_CNTR_ID,TAX_RATE,TAX_AMOUNT,TOTAL_AMOUNT) values (60,36,303001001002,null,400,'مصاريف نظافة',null,null,null,null);
Insert into ACC_VOUCHER_DTL (ACC_VOUCHER_DTL_ID,ACC_VOUCHER_ID,ACCOUNT_ID,REF_ID,AMOUNT,NOTE,COST_CNTR_ID,TAX_RATE,TAX_AMOUNT,TOTAL_AMOUNT) values (61,37,303001001002,null,232.5,'مواد بناء وادوات بناء',null,null,null,null);
Insert into ACC_VOUCHER_DTL (ACC_VOUCHER_DTL_ID,ACC_VOUCHER_ID,ACCOUNT_ID,REF_ID,AMOUNT,NOTE,COST_CNTR_ID,TAX_RATE,TAX_AMOUNT,TOTAL_AMOUNT) values (63,39,303001001002,null,400,'مصاريف نظافة',null,null,null,null);
Insert into ACC_VOUCHER_DTL (ACC_VOUCHER_DTL_ID,ACC_VOUCHER_ID,ACCOUNT_ID,REF_ID,AMOUNT,NOTE,COST_CNTR_ID,TAX_RATE,TAX_AMOUNT,TOTAL_AMOUNT) values (65,41,303001001002,null,400,'مصاريف نظافة',null,null,null,null);
Insert into ACC_VOUCHER_DTL (ACC_VOUCHER_DTL_ID,ACC_VOUCHER_ID,ACCOUNT_ID,REF_ID,AMOUNT,NOTE,COST_CNTR_ID,TAX_RATE,TAX_AMOUNT,TOTAL_AMOUNT) values (66,42,303001001002,null,9061.24,'مواد وادوات بناء',null,null,null,null);
Insert into ACC_VOUCHER_DTL (ACC_VOUCHER_DTL_ID,ACC_VOUCHER_ID,ACCOUNT_ID,REF_ID,AMOUNT,NOTE,COST_CNTR_ID,TAX_RATE,TAX_AMOUNT,TOTAL_AMOUNT) values (67,43,303001001002,null,95.65,'مواد وادوات بناء',null,null,null,null);
Insert into ACC_VOUCHER_DTL (ACC_VOUCHER_DTL_ID,ACC_VOUCHER_ID,ACCOUNT_ID,REF_ID,AMOUNT,NOTE,COST_CNTR_ID,TAX_RATE,TAX_AMOUNT,TOTAL_AMOUNT) values (68,44,303001001002,null,1500,'مواد وادوات بناء',null,null,null,null);
Insert into ACC_VOUCHER_DTL (ACC_VOUCHER_DTL_ID,ACC_VOUCHER_ID,ACCOUNT_ID,REF_ID,AMOUNT,NOTE,COST_CNTR_ID,TAX_RATE,TAX_AMOUNT,TOTAL_AMOUNT) values (62,38,303001001002,null,595,'مواد بناء وادوات بناء',null,null,null,null);
Insert into ACC_VOUCHER_DTL (ACC_VOUCHER_DTL_ID,ACC_VOUCHER_ID,ACCOUNT_ID,REF_ID,AMOUNT,NOTE,COST_CNTR_ID,TAX_RATE,TAX_AMOUNT,TOTAL_AMOUNT) values (64,40,303001001002,null,33,'مواد وادوات بناء',null,null,null,null);
Insert into ACC_VOUCHER_DTL (ACC_VOUCHER_DTL_ID,ACC_VOUCHER_ID,ACCOUNT_ID,REF_ID,AMOUNT,NOTE,COST_CNTR_ID,TAX_RATE,TAX_AMOUNT,TOTAL_AMOUNT) values (95,52,304001001001,null,26667,'مقابل ضريبة الدخل لسنة 2023 رقم المرجع 3114050487232001',null,null,null,null);
Insert into ACC_VOUCHER_DTL (ACC_VOUCHER_DTL_ID,ACC_VOUCHER_ID,ACCOUNT_ID,REF_ID,AMOUNT,NOTE,COST_CNTR_ID,TAX_RATE,TAX_AMOUNT,TOTAL_AMOUNT) values (29,5,303001001002,null,300,'سقالات',null,null,null,null);
Insert into ACC_VOUCHER_DTL (ACC_VOUCHER_DTL_ID,ACC_VOUCHER_ID,ACCOUNT_ID,REF_ID,AMOUNT,NOTE,COST_CNTR_ID,TAX_RATE,TAX_AMOUNT,TOTAL_AMOUNT) values (44,20,303001001002,null,1200,'مواد بناء',null,null,null,null);
Insert into ACC_VOUCHER_DTL (ACC_VOUCHER_DTL_ID,ACC_VOUCHER_ID,ACCOUNT_ID,REF_ID,AMOUNT,NOTE,COST_CNTR_ID,TAX_RATE,TAX_AMOUNT,TOTAL_AMOUNT) values (102,56,101008001001,null,45.65,'مصاريف نظافة رقم مرجع 2687',null,null,null,null);
Insert into ACC_VOUCHER_DTL (ACC_VOUCHER_DTL_ID,ACC_VOUCHER_ID,ACCOUNT_ID,REF_ID,AMOUNT,NOTE,COST_CNTR_ID,TAX_RATE,TAX_AMOUNT,TOTAL_AMOUNT) values (103,56,301007001001,null,304.35,'مصاريف نظافة رقم مرجع 2687',null,null,null,null);
Insert into ACC_VOUCHER_DTL (ACC_VOUCHER_DTL_ID,ACC_VOUCHER_ID,ACCOUNT_ID,REF_ID,AMOUNT,NOTE,COST_CNTR_ID,TAX_RATE,TAX_AMOUNT,TOTAL_AMOUNT) values (104,57,101008001001,null,45.65,'مصاريف نظافة رقم مرجع 2847',null,null,null,null);
Insert into ACC_VOUCHER_DTL (ACC_VOUCHER_DTL_ID,ACC_VOUCHER_ID,ACCOUNT_ID,REF_ID,AMOUNT,NOTE,COST_CNTR_ID,TAX_RATE,TAX_AMOUNT,TOTAL_AMOUNT) values (105,57,301007001001,null,304.35,'مصاريف نظافة رقم مرجع 2847',null,null,null,null);
Insert into ACC_VOUCHER_DTL (ACC_VOUCHER_DTL_ID,ACC_VOUCHER_ID,ACCOUNT_ID,REF_ID,AMOUNT,NOTE,COST_CNTR_ID,TAX_RATE,TAX_AMOUNT,TOTAL_AMOUNT) values (108,59,101008001001,null,45.65,'مصاريف نظافة رقم مرجع 3014',null,null,null,null);
Insert into ACC_VOUCHER_DTL (ACC_VOUCHER_DTL_ID,ACC_VOUCHER_ID,ACCOUNT_ID,REF_ID,AMOUNT,NOTE,COST_CNTR_ID,TAX_RATE,TAX_AMOUNT,TOTAL_AMOUNT) values (109,59,301007001001,null,304.35,'مصاريف نظافة رقم مرجع 3014',null,null,null,null);
Insert into ACC_VOUCHER_DTL (ACC_VOUCHER_DTL_ID,ACC_VOUCHER_ID,ACCOUNT_ID,REF_ID,AMOUNT,NOTE,COST_CNTR_ID,TAX_RATE,TAX_AMOUNT,TOTAL_AMOUNT) values (113,62,301007001001,null,409.13,'مصاريف نظافة رقم مرجع 10073621569',null,null,null,null);
Insert into ACC_VOUCHER_DTL (ACC_VOUCHER_DTL_ID,ACC_VOUCHER_ID,ACCOUNT_ID,REF_ID,AMOUNT,NOTE,COST_CNTR_ID,TAX_RATE,TAX_AMOUNT,TOTAL_AMOUNT) values (121,64,101007002001,1547,530.01,'LLL',1,15,79.5015,609.5115);
Insert into ACC_VOUCHER_DTL (ACC_VOUCHER_DTL_ID,ACC_VOUCHER_ID,ACCOUNT_ID,REF_ID,AMOUNT,NOTE,COST_CNTR_ID,TAX_RATE,TAX_AMOUNT,TOTAL_AMOUNT) values (122,64,101006001001,null,100,null,null,null,0,100);
REM INSERTING into ACC_YEAR
SET DEFINE OFF;
REM INSERTING into ACL_APP_INTERFACE
SET DEFINE OFF;
Insert into ACL_APP_INTERFACE (PRIV_IF_ID,INTERFACE_ID,USER_ID,ROLE_ID,STATUS,CREATED_BY,CREATED_AT,MODIFIED_BY,MODIFIED_AT,COMPANY_ID) values (26,6,null,1,1,null,to_timestamp('07-APR-23 03.28.34.000000000 PM','DD-MON-RR HH.MI.SSXFF AM'),null,to_date('16-APR-23','DD-MON-RR'),0);
Insert into ACL_APP_INTERFACE (PRIV_IF_ID,INTERFACE_ID,USER_ID,ROLE_ID,STATUS,CREATED_BY,CREATED_AT,MODIFIED_BY,MODIFIED_AT,COMPANY_ID) values (41,21,null,1,1,null,to_timestamp('16-APR-23 10.09.36.000000000 PM','DD-MON-RR HH.MI.SSXFF AM'),null,to_date('16-APR-23','DD-MON-RR'),0);
Insert into ACL_APP_INTERFACE (PRIV_IF_ID,INTERFACE_ID,USER_ID,ROLE_ID,STATUS,CREATED_BY,CREATED_AT,MODIFIED_BY,MODIFIED_AT,COMPANY_ID) values (42,3,null,1,1,null,to_timestamp('16-APR-23 10.25.13.000000000 PM','DD-MON-RR HH.MI.SSXFF AM'),null,to_date('18-APR-23','DD-MON-RR'),0);
Insert into ACL_APP_INTERFACE (PRIV_IF_ID,INTERFACE_ID,USER_ID,ROLE_ID,STATUS,CREATED_BY,CREATED_AT,MODIFIED_BY,MODIFIED_AT,COMPANY_ID) values (43,24,null,1,1,null,to_timestamp('16-APR-23 10.37.29.000000000 PM','DD-MON-RR HH.MI.SSXFF AM'),null,to_date('16-APR-23','DD-MON-RR'),0);
Insert into ACL_APP_INTERFACE (PRIV_IF_ID,INTERFACE_ID,USER_ID,ROLE_ID,STATUS,CREATED_BY,CREATED_AT,MODIFIED_BY,MODIFIED_AT,COMPANY_ID) values (1,1,null,1,1,null,to_timestamp('30-MAR-23 12.44.36.000000000 AM','DD-MON-RR HH.MI.SSXFF AM'),null,to_date('18-APR-23','DD-MON-RR'),0);
Insert into ACL_APP_INTERFACE (PRIV_IF_ID,INTERFACE_ID,USER_ID,ROLE_ID,STATUS,CREATED_BY,CREATED_AT,MODIFIED_BY,MODIFIED_AT,COMPANY_ID) values (22,2,null,1,1,null,to_timestamp('07-APR-23 03.27.45.000000000 PM','DD-MON-RR HH.MI.SSXFF AM'),null,to_date('16-APR-23','DD-MON-RR'),0);
Insert into ACL_APP_INTERFACE (PRIV_IF_ID,INTERFACE_ID,USER_ID,ROLE_ID,STATUS,CREATED_BY,CREATED_AT,MODIFIED_BY,MODIFIED_AT,COMPANY_ID) values (61,24,null,2,1,1,null,1,null,0);
Insert into ACL_APP_INTERFACE (PRIV_IF_ID,INTERFACE_ID,USER_ID,ROLE_ID,STATUS,CREATED_BY,CREATED_AT,MODIFIED_BY,MODIFIED_AT,COMPANY_ID) values (24,4,null,1,1,null,to_timestamp('07-APR-23 03.28.09.000000000 PM','DD-MON-RR HH.MI.SSXFF AM'),null,null,0);
Insert into ACL_APP_INTERFACE (PRIV_IF_ID,INTERFACE_ID,USER_ID,ROLE_ID,STATUS,CREATED_BY,CREATED_AT,MODIFIED_BY,MODIFIED_AT,COMPANY_ID) values (23,23,null,1,1,null,to_timestamp('07-APR-23 03.27.58.000000000 PM','DD-MON-RR HH.MI.SSXFF AM'),1,to_date('29-APR-23','DD-MON-RR'),0);
Insert into ACL_APP_INTERFACE (PRIV_IF_ID,INTERFACE_ID,USER_ID,ROLE_ID,STATUS,CREATED_BY,CREATED_AT,MODIFIED_BY,MODIFIED_AT,COMPANY_ID) values (2,2,null,1,1,1,to_timestamp('29-DEC-23 10.25.10.000000000 PM','DD-MON-RR HH.MI.SSXFF AM'),null,null,0);
Insert into ACL_APP_INTERFACE (PRIV_IF_ID,INTERFACE_ID,USER_ID,ROLE_ID,STATUS,CREATED_BY,CREATED_AT,MODIFIED_BY,MODIFIED_AT,COMPANY_ID) values (6,6,null,1,1,1,to_timestamp('29-DEC-23 10.26.50.000000000 PM','DD-MON-RR HH.MI.SSXFF AM'),null,null,0);
Insert into ACL_APP_INTERFACE (PRIV_IF_ID,INTERFACE_ID,USER_ID,ROLE_ID,STATUS,CREATED_BY,CREATED_AT,MODIFIED_BY,MODIFIED_AT,COMPANY_ID) values (4,4,null,1,1,1,to_timestamp('29-DEC-23 10.26.08.000000000 PM','DD-MON-RR HH.MI.SSXFF AM'),null,null,0);
Insert into ACL_APP_INTERFACE (PRIV_IF_ID,INTERFACE_ID,USER_ID,ROLE_ID,STATUS,CREATED_BY,CREATED_AT,MODIFIED_BY,MODIFIED_AT,COMPANY_ID) values (3,3,null,1,1,1,to_timestamp('29-DEC-23 10.25.55.000000000 PM','DD-MON-RR HH.MI.SSXFF AM'),null,null,0);
Insert into ACL_APP_INTERFACE (PRIV_IF_ID,INTERFACE_ID,USER_ID,ROLE_ID,STATUS,CREATED_BY,CREATED_AT,MODIFIED_BY,MODIFIED_AT,COMPANY_ID) values (21,21,null,1,1,1,to_timestamp('29-DEC-23 11.22.56.000000000 PM','DD-MON-RR HH.MI.SSXFF AM'),null,null,0);
Insert into ACL_APP_INTERFACE (PRIV_IF_ID,INTERFACE_ID,USER_ID,ROLE_ID,STATUS,CREATED_BY,CREATED_AT,MODIFIED_BY,MODIFIED_AT,COMPANY_ID) values (38,41,null,1,1,1,to_timestamp('29-DEC-23 11.27.01.000000000 PM','DD-MON-RR HH.MI.SSXFF AM'),null,null,0);
Insert into ACL_APP_INTERFACE (PRIV_IF_ID,INTERFACE_ID,USER_ID,ROLE_ID,STATUS,CREATED_BY,CREATED_AT,MODIFIED_BY,MODIFIED_AT,COMPANY_ID) values (17,17,null,1,1,1,to_timestamp('29-DEC-23 11.22.12.000000000 PM','DD-MON-RR HH.MI.SSXFF AM'),null,null,0);
Insert into ACL_APP_INTERFACE (PRIV_IF_ID,INTERFACE_ID,USER_ID,ROLE_ID,STATUS,CREATED_BY,CREATED_AT,MODIFIED_BY,MODIFIED_AT,COMPANY_ID) values (18,18,null,1,1,1,to_timestamp('29-DEC-23 11.22.25.000000000 PM','DD-MON-RR HH.MI.SSXFF AM'),null,null,0);
Insert into ACL_APP_INTERFACE (PRIV_IF_ID,INTERFACE_ID,USER_ID,ROLE_ID,STATUS,CREATED_BY,CREATED_AT,MODIFIED_BY,MODIFIED_AT,COMPANY_ID) values (20,20,null,1,1,1,to_timestamp('29-DEC-23 11.22.44.000000000 PM','DD-MON-RR HH.MI.SSXFF AM'),null,null,0);
Insert into ACL_APP_INTERFACE (PRIV_IF_ID,INTERFACE_ID,USER_ID,ROLE_ID,STATUS,CREATED_BY,CREATED_AT,MODIFIED_BY,MODIFIED_AT,COMPANY_ID) values (12,12,null,1,1,1,to_timestamp('29-DEC-23 11.20.57.000000000 PM','DD-MON-RR HH.MI.SSXFF AM'),null,null,0);
Insert into ACL_APP_INTERFACE (PRIV_IF_ID,INTERFACE_ID,USER_ID,ROLE_ID,STATUS,CREATED_BY,CREATED_AT,MODIFIED_BY,MODIFIED_AT,COMPANY_ID) values (15,15,null,1,1,1,to_timestamp('29-DEC-23 11.21.48.000000000 PM','DD-MON-RR HH.MI.SSXFF AM'),null,null,0);
Insert into ACL_APP_INTERFACE (PRIV_IF_ID,INTERFACE_ID,USER_ID,ROLE_ID,STATUS,CREATED_BY,CREATED_AT,MODIFIED_BY,MODIFIED_AT,COMPANY_ID) values (29,29,null,1,1,1,to_timestamp('29-DEC-23 11.24.56.000000000 PM','DD-MON-RR HH.MI.SSXFF AM'),null,null,0);
Insert into ACL_APP_INTERFACE (PRIV_IF_ID,INTERFACE_ID,USER_ID,ROLE_ID,STATUS,CREATED_BY,CREATED_AT,MODIFIED_BY,MODIFIED_AT,COMPANY_ID) values (31,31,null,1,1,1,to_timestamp('29-DEC-23 11.25.17.000000000 PM','DD-MON-RR HH.MI.SSXFF AM'),null,null,0);
Insert into ACL_APP_INTERFACE (PRIV_IF_ID,INTERFACE_ID,USER_ID,ROLE_ID,STATUS,CREATED_BY,CREATED_AT,MODIFIED_BY,MODIFIED_AT,COMPANY_ID) values (33,33,null,1,1,1,to_timestamp('29-DEC-23 11.25.35.000000000 PM','DD-MON-RR HH.MI.SSXFF AM'),null,null,0);
Insert into ACL_APP_INTERFACE (PRIV_IF_ID,INTERFACE_ID,USER_ID,ROLE_ID,STATUS,CREATED_BY,CREATED_AT,MODIFIED_BY,MODIFIED_AT,COMPANY_ID) values (8,8,null,1,1,1,to_timestamp('29-DEC-23 10.27.11.000000000 PM','DD-MON-RR HH.MI.SSXFF AM'),null,null,0);
Insert into ACL_APP_INTERFACE (PRIV_IF_ID,INTERFACE_ID,USER_ID,ROLE_ID,STATUS,CREATED_BY,CREATED_AT,MODIFIED_BY,MODIFIED_AT,COMPANY_ID) values (25,25,null,1,1,1,to_timestamp('29-DEC-23 11.23.53.000000000 PM','DD-MON-RR HH.MI.SSXFF AM'),null,null,0);
Insert into ACL_APP_INTERFACE (PRIV_IF_ID,INTERFACE_ID,USER_ID,ROLE_ID,STATUS,CREATED_BY,CREATED_AT,MODIFIED_BY,MODIFIED_AT,COMPANY_ID) values (32,32,null,1,1,1,to_timestamp('29-DEC-23 11.25.25.000000000 PM','DD-MON-RR HH.MI.SSXFF AM'),null,null,0);
Insert into ACL_APP_INTERFACE (PRIV_IF_ID,INTERFACE_ID,USER_ID,ROLE_ID,STATUS,CREATED_BY,CREATED_AT,MODIFIED_BY,MODIFIED_AT,COMPANY_ID) values (34,34,null,1,1,1,to_timestamp('29-DEC-23 11.25.44.000000000 PM','DD-MON-RR HH.MI.SSXFF AM'),null,null,0);
Insert into ACL_APP_INTERFACE (PRIV_IF_ID,INTERFACE_ID,USER_ID,ROLE_ID,STATUS,CREATED_BY,CREATED_AT,MODIFIED_BY,MODIFIED_AT,COMPANY_ID) values (5,5,null,1,1,1,to_timestamp('29-DEC-23 10.26.22.000000000 PM','DD-MON-RR HH.MI.SSXFF AM'),null,null,0);
Insert into ACL_APP_INTERFACE (PRIV_IF_ID,INTERFACE_ID,USER_ID,ROLE_ID,STATUS,CREATED_BY,CREATED_AT,MODIFIED_BY,MODIFIED_AT,COMPANY_ID) values (7,7,null,1,1,1,to_timestamp('29-DEC-23 10.27.03.000000000 PM','DD-MON-RR HH.MI.SSXFF AM'),null,null,0);
Insert into ACL_APP_INTERFACE (PRIV_IF_ID,INTERFACE_ID,USER_ID,ROLE_ID,STATUS,CREATED_BY,CREATED_AT,MODIFIED_BY,MODIFIED_AT,COMPANY_ID) values (9,9,null,1,1,1,to_timestamp('29-DEC-23 10.27.28.000000000 PM','DD-MON-RR HH.MI.SSXFF AM'),null,null,0);
Insert into ACL_APP_INTERFACE (PRIV_IF_ID,INTERFACE_ID,USER_ID,ROLE_ID,STATUS,CREATED_BY,CREATED_AT,MODIFIED_BY,MODIFIED_AT,COMPANY_ID) values (10,10,null,1,1,1,to_timestamp('29-DEC-23 10.27.36.000000000 PM','DD-MON-RR HH.MI.SSXFF AM'),null,null,0);
Insert into ACL_APP_INTERFACE (PRIV_IF_ID,INTERFACE_ID,USER_ID,ROLE_ID,STATUS,CREATED_BY,CREATED_AT,MODIFIED_BY,MODIFIED_AT,COMPANY_ID) values (11,11,null,1,1,1,to_timestamp('29-DEC-23 11.20.44.000000000 PM','DD-MON-RR HH.MI.SSXFF AM'),null,null,0);
Insert into ACL_APP_INTERFACE (PRIV_IF_ID,INTERFACE_ID,USER_ID,ROLE_ID,STATUS,CREATED_BY,CREATED_AT,MODIFIED_BY,MODIFIED_AT,COMPANY_ID) values (13,13,null,1,1,1,to_timestamp('29-DEC-23 11.21.12.000000000 PM','DD-MON-RR HH.MI.SSXFF AM'),null,null,0);
Insert into ACL_APP_INTERFACE (PRIV_IF_ID,INTERFACE_ID,USER_ID,ROLE_ID,STATUS,CREATED_BY,CREATED_AT,MODIFIED_BY,MODIFIED_AT,COMPANY_ID) values (14,14,null,1,1,1,to_timestamp('29-DEC-23 11.21.19.000000000 PM','DD-MON-RR HH.MI.SSXFF AM'),null,null,0);
Insert into ACL_APP_INTERFACE (PRIV_IF_ID,INTERFACE_ID,USER_ID,ROLE_ID,STATUS,CREATED_BY,CREATED_AT,MODIFIED_BY,MODIFIED_AT,COMPANY_ID) values (16,16,null,1,1,1,to_timestamp('29-DEC-23 11.21.57.000000000 PM','DD-MON-RR HH.MI.SSXFF AM'),null,null,0);
Insert into ACL_APP_INTERFACE (PRIV_IF_ID,INTERFACE_ID,USER_ID,ROLE_ID,STATUS,CREATED_BY,CREATED_AT,MODIFIED_BY,MODIFIED_AT,COMPANY_ID) values (19,19,null,1,1,1,to_timestamp('29-DEC-23 11.22.35.000000000 PM','DD-MON-RR HH.MI.SSXFF AM'),null,null,0);
Insert into ACL_APP_INTERFACE (PRIV_IF_ID,INTERFACE_ID,USER_ID,ROLE_ID,STATUS,CREATED_BY,CREATED_AT,MODIFIED_BY,MODIFIED_AT,COMPANY_ID) values (27,27,null,1,1,1,to_timestamp('29-DEC-23 11.24.27.000000000 PM','DD-MON-RR HH.MI.SSXFF AM'),null,null,0);
Insert into ACL_APP_INTERFACE (PRIV_IF_ID,INTERFACE_ID,USER_ID,ROLE_ID,STATUS,CREATED_BY,CREATED_AT,MODIFIED_BY,MODIFIED_AT,COMPANY_ID) values (28,28,null,1,1,1,to_timestamp('29-DEC-23 11.24.39.000000000 PM','DD-MON-RR HH.MI.SSXFF AM'),null,null,0);
Insert into ACL_APP_INTERFACE (PRIV_IF_ID,INTERFACE_ID,USER_ID,ROLE_ID,STATUS,CREATED_BY,CREATED_AT,MODIFIED_BY,MODIFIED_AT,COMPANY_ID) values (30,30,null,1,1,1,to_timestamp('29-DEC-23 11.25.04.000000000 PM','DD-MON-RR HH.MI.SSXFF AM'),null,null,0);
REM INSERTING into ACL_APP_ROLE
SET DEFINE OFF;
Insert into ACL_APP_ROLE (ACL_APP_ROLE_ID,USER_ID,ROLE_ID,CREATED_BY,CREATED_AT,MODIFIED_BY,MODIFIED_AT,COMPANY_ID) values (21,1,2,1,null,1,to_date('27-APR-23','DD-MON-RR'),0);
Insert into ACL_APP_ROLE (ACL_APP_ROLE_ID,USER_ID,ROLE_ID,CREATED_BY,CREATED_AT,MODIFIED_BY,MODIFIED_AT,COMPANY_ID) values (22,1,4,1,to_timestamp('27-APR-23 05.22.24.000000000 PM','DD-MON-RR HH.MI.SSXFF AM'),null,null,0);
Insert into ACL_APP_ROLE (ACL_APP_ROLE_ID,USER_ID,ROLE_ID,CREATED_BY,CREATED_AT,MODIFIED_BY,MODIFIED_AT,COMPANY_ID) values (1,1,1,null,to_timestamp('30-MAR-23 01.20.21.000000000 AM','DD-MON-RR HH.MI.SSXFF AM'),null,to_date('16-APR-23','DD-MON-RR'),0);
Insert into ACL_APP_ROLE (ACL_APP_ROLE_ID,USER_ID,ROLE_ID,CREATED_BY,CREATED_AT,MODIFIED_BY,MODIFIED_AT,COMPANY_ID) values (2,21,2,null,to_timestamp('30-MAR-23 01.20.55.000000000 AM','DD-MON-RR HH.MI.SSXFF AM'),null,null,0);
Insert into ACL_APP_ROLE (ACL_APP_ROLE_ID,USER_ID,ROLE_ID,CREATED_BY,CREATED_AT,MODIFIED_BY,MODIFIED_AT,COMPANY_ID) values (3,23,3,null,to_timestamp('30-MAR-23 01.21.03.000000000 AM','DD-MON-RR HH.MI.SSXFF AM'),null,null,0);
REM INSERTING into ACL_INTERFACE_OPR
SET DEFINE OFF;
Insert into ACL_INTERFACE_OPR (ACL_INTERFACE_OPR_ID,OPERATION_ID,USER_ID,ROLE_ID,STATUS,CREATED_BY,CREATED_AT,MODIFIED_BY,MODIFIED_AT,INTERFACE_ID,COMPANY_ID) values (22,1457224081827546,null,1,1,null,to_timestamp('14-APR-23 04.46.50.000000000 PM','DD-MON-RR HH.MI.SSXFF AM'),1,to_date('31-MAY-23','DD-MON-RR'),2,0);
Insert into ACL_INTERFACE_OPR (ACL_INTERFACE_OPR_ID,OPERATION_ID,USER_ID,ROLE_ID,STATUS,CREATED_BY,CREATED_AT,MODIFIED_BY,MODIFIED_AT,INTERFACE_ID,COMPANY_ID) values (41,1565072663794367,null,1,1,1,to_timestamp('29-APR-23 04.48.41.000000000 PM','DD-MON-RR HH.MI.SSXFF AM'),null,null,61,0);
Insert into ACL_INTERFACE_OPR (ACL_INTERFACE_OPR_ID,OPERATION_ID,USER_ID,ROLE_ID,STATUS,CREATED_BY,CREATED_AT,MODIFIED_BY,MODIFIED_AT,INTERFACE_ID,COMPANY_ID) values (1,1446576149827540,null,1,1,null,to_timestamp('30-MAR-23 01.03.48.000000000 AM','DD-MON-RR HH.MI.SSXFF AM'),null,to_date('14-APR-23','DD-MON-RR'),1,0);
Insert into ACL_INTERFACE_OPR (ACL_INTERFACE_OPR_ID,OPERATION_ID,USER_ID,ROLE_ID,STATUS,CREATED_BY,CREATED_AT,MODIFIED_BY,MODIFIED_AT,INTERFACE_ID,COMPANY_ID) values (23,1446104782827540,null,1,1,null,to_timestamp('14-APR-23 05.30.52.000000000 PM','DD-MON-RR HH.MI.SSXFF AM'),null,null,1,0);
Insert into ACL_INTERFACE_OPR (ACL_INTERFACE_OPR_ID,OPERATION_ID,USER_ID,ROLE_ID,STATUS,CREATED_BY,CREATED_AT,MODIFIED_BY,MODIFIED_AT,INTERFACE_ID,COMPANY_ID) values (24,1446903343827540,null,1,1,null,to_timestamp('16-APR-23 01.37.35.000000000 AM','DD-MON-RR HH.MI.SSXFF AM'),null,null,1,0);
Insert into ACL_INTERFACE_OPR (ACL_INTERFACE_OPR_ID,OPERATION_ID,USER_ID,ROLE_ID,STATUS,CREATED_BY,CREATED_AT,MODIFIED_BY,MODIFIED_AT,INTERFACE_ID,COMPANY_ID) values (42,1612490978422759,null,1,1,1,to_timestamp('29-APR-23 04.50.43.000000000 PM','DD-MON-RR HH.MI.SSXFF AM'),null,null,21,0);
Insert into ACL_INTERFACE_OPR (ACL_INTERFACE_OPR_ID,OPERATION_ID,USER_ID,ROLE_ID,STATUS,CREATED_BY,CREATED_AT,MODIFIED_BY,MODIFIED_AT,INTERFACE_ID,COMPANY_ID) values (4,1671116394969007,null,1,1,1,to_timestamp('29-DEC-23 10.32.51.000000000 PM','DD-MON-RR HH.MI.SSXFF AM'),null,null,2,0);
Insert into ACL_INTERFACE_OPR (ACL_INTERFACE_OPR_ID,OPERATION_ID,USER_ID,ROLE_ID,STATUS,CREATED_BY,CREATED_AT,MODIFIED_BY,MODIFIED_AT,INTERFACE_ID,COMPANY_ID) values (25,1457224081827546,null,1,1,1,to_timestamp('29-DEC-23 11.36.58.000000000 PM','DD-MON-RR HH.MI.SSXFF AM'),null,null,13,0);
Insert into ACL_INTERFACE_OPR (ACL_INTERFACE_OPR_ID,OPERATION_ID,USER_ID,ROLE_ID,STATUS,CREATED_BY,CREATED_AT,MODIFIED_BY,MODIFIED_AT,INTERFACE_ID,COMPANY_ID) values (26,1446903343827540,null,1,1,1,to_timestamp('29-DEC-23 11.37.08.000000000 PM','DD-MON-RR HH.MI.SSXFF AM'),null,null,14,0);
Insert into ACL_INTERFACE_OPR (ACL_INTERFACE_OPR_ID,OPERATION_ID,USER_ID,ROLE_ID,STATUS,CREATED_BY,CREATED_AT,MODIFIED_BY,MODIFIED_AT,INTERFACE_ID,COMPANY_ID) values (27,1446576149827540,null,1,1,1,to_timestamp('29-DEC-23 11.37.18.000000000 PM','DD-MON-RR HH.MI.SSXFF AM'),null,null,14,0);
Insert into ACL_INTERFACE_OPR (ACL_INTERFACE_OPR_ID,OPERATION_ID,USER_ID,ROLE_ID,STATUS,CREATED_BY,CREATED_AT,MODIFIED_BY,MODIFIED_AT,INTERFACE_ID,COMPANY_ID) values (28,1446104782827540,null,1,1,1,to_timestamp('29-DEC-23 11.37.28.000000000 PM','DD-MON-RR HH.MI.SSXFF AM'),null,null,14,0);
Insert into ACL_INTERFACE_OPR (ACL_INTERFACE_OPR_ID,OPERATION_ID,USER_ID,ROLE_ID,STATUS,CREATED_BY,CREATED_AT,MODIFIED_BY,MODIFIED_AT,INTERFACE_ID,COMPANY_ID) values (43,2098680088186550,null,1,1,1,to_timestamp('29-DEC-23 11.42.34.000000000 PM','DD-MON-RR HH.MI.SSXFF AM'),null,null,22,0);
Insert into ACL_INTERFACE_OPR (ACL_INTERFACE_OPR_ID,OPERATION_ID,USER_ID,ROLE_ID,STATUS,CREATED_BY,CREATED_AT,MODIFIED_BY,MODIFIED_AT,INTERFACE_ID,COMPANY_ID) values (44,2098224939186548,null,1,1,1,to_timestamp('29-DEC-23 11.42.46.000000000 PM','DD-MON-RR HH.MI.SSXFF AM'),null,null,22,0);
Insert into ACL_INTERFACE_OPR (ACL_INTERFACE_OPR_ID,OPERATION_ID,USER_ID,ROLE_ID,STATUS,CREATED_BY,CREATED_AT,MODIFIED_BY,MODIFIED_AT,INTERFACE_ID,COMPANY_ID) values (54,2174977445687050,null,1,1,1,to_timestamp('29-DEC-23 11.45.45.000000000 PM','DD-MON-RR HH.MI.SSXFF AM'),1,to_date('29-DEC-23','DD-MON-RR'),28,0);
Insert into ACL_INTERFACE_OPR (ACL_INTERFACE_OPR_ID,OPERATION_ID,USER_ID,ROLE_ID,STATUS,CREATED_BY,CREATED_AT,MODIFIED_BY,MODIFIED_AT,INTERFACE_ID,COMPANY_ID) values (55,2174576638687050,null,1,1,1,to_timestamp('29-DEC-23 11.45.55.000000000 PM','DD-MON-RR HH.MI.SSXFF AM'),1,to_date('29-DEC-23','DD-MON-RR'),28,0);
Insert into ACL_INTERFACE_OPR (ACL_INTERFACE_OPR_ID,OPERATION_ID,USER_ID,ROLE_ID,STATUS,CREATED_BY,CREATED_AT,MODIFIED_BY,MODIFIED_AT,INTERFACE_ID,COMPANY_ID) values (56,2174109652687050,null,1,1,1,to_timestamp('29-DEC-23 11.46.05.000000000 PM','DD-MON-RR HH.MI.SSXFF AM'),1,to_date('29-DEC-23','DD-MON-RR'),28,0);
Insert into ACL_INTERFACE_OPR (ACL_INTERFACE_OPR_ID,OPERATION_ID,USER_ID,ROLE_ID,STATUS,CREATED_BY,CREATED_AT,MODIFIED_BY,MODIFIED_AT,INTERFACE_ID,COMPANY_ID) values (69,3543993650629509,null,1,1,1,to_timestamp('30-DEC-23 11.18.56.000000000 PM','DD-MON-RR HH.MI.SSXFF AM'),null,null,38,0);
Insert into ACL_INTERFACE_OPR (ACL_INTERFACE_OPR_ID,OPERATION_ID,USER_ID,ROLE_ID,STATUS,CREATED_BY,CREATED_AT,MODIFIED_BY,MODIFIED_AT,INTERFACE_ID,COMPANY_ID) values (70,3605682340995651,null,1,1,1,to_timestamp('30-DEC-23 11.19.10.000000000 PM','DD-MON-RR HH.MI.SSXFF AM'),null,null,39,0);
Insert into ACL_INTERFACE_OPR (ACL_INTERFACE_OPR_ID,OPERATION_ID,USER_ID,ROLE_ID,STATUS,CREATED_BY,CREATED_AT,MODIFIED_BY,MODIFIED_AT,INTERFACE_ID,COMPANY_ID) values (71,3640929070084220,null,1,1,1,to_timestamp('30-DEC-23 11.19.22.000000000 PM','DD-MON-RR HH.MI.SSXFF AM'),null,null,40,0);
Insert into ACL_INTERFACE_OPR (ACL_INTERFACE_OPR_ID,OPERATION_ID,USER_ID,ROLE_ID,STATUS,CREATED_BY,CREATED_AT,MODIFIED_BY,MODIFIED_AT,INTERFACE_ID,COMPANY_ID) values (72,3670792370918003,null,1,1,1,to_timestamp('30-DEC-23 11.20.23.000000000 PM','DD-MON-RR HH.MI.SSXFF AM'),null,null,41,0);
Insert into ACL_INTERFACE_OPR (ACL_INTERFACE_OPR_ID,OPERATION_ID,USER_ID,ROLE_ID,STATUS,CREATED_BY,CREATED_AT,MODIFIED_BY,MODIFIED_AT,INTERFACE_ID,COMPANY_ID) values (73,3698298346981721,null,1,1,1,to_timestamp('30-DEC-23 11.20.33.000000000 PM','DD-MON-RR HH.MI.SSXFF AM'),null,null,42,0);
Insert into ACL_INTERFACE_OPR (ACL_INTERFACE_OPR_ID,OPERATION_ID,USER_ID,ROLE_ID,STATUS,CREATED_BY,CREATED_AT,MODIFIED_BY,MODIFIED_AT,INTERFACE_ID,COMPANY_ID) values (8,1745012592431926,null,1,1,1,to_timestamp('29-DEC-23 10.41.41.000000000 PM','DD-MON-RR HH.MI.SSXFF AM'),null,null,4,0);
Insert into ACL_INTERFACE_OPR (ACL_INTERFACE_OPR_ID,OPERATION_ID,USER_ID,ROLE_ID,STATUS,CREATED_BY,CREATED_AT,MODIFIED_BY,MODIFIED_AT,INTERFACE_ID,COMPANY_ID) values (9,1774767083494423,null,1,1,1,to_timestamp('29-DEC-23 10.41.57.000000000 PM','DD-MON-RR HH.MI.SSXFF AM'),null,null,5,0);
Insert into ACL_INTERFACE_OPR (ACL_INTERFACE_OPR_ID,OPERATION_ID,USER_ID,ROLE_ID,STATUS,CREATED_BY,CREATED_AT,MODIFIED_BY,MODIFIED_AT,INTERFACE_ID,COMPANY_ID) values (10,1768012662494420,null,1,1,1,to_timestamp('29-DEC-23 10.42.08.000000000 PM','DD-MON-RR HH.MI.SSXFF AM'),null,null,6,0);
Insert into ACL_INTERFACE_OPR (ACL_INTERFACE_OPR_ID,OPERATION_ID,USER_ID,ROLE_ID,STATUS,CREATED_BY,CREATED_AT,MODIFIED_BY,MODIFIED_AT,INTERFACE_ID,COMPANY_ID) values (11,1767675757494420,null,1,1,1,to_timestamp('29-DEC-23 10.42.31.000000000 PM','DD-MON-RR HH.MI.SSXFF AM'),null,null,6,0);
Insert into ACL_INTERFACE_OPR (ACL_INTERFACE_OPR_ID,OPERATION_ID,USER_ID,ROLE_ID,STATUS,CREATED_BY,CREATED_AT,MODIFIED_BY,MODIFIED_AT,INTERFACE_ID,COMPANY_ID) values (29,1612490978422759,null,1,1,1,to_timestamp('29-DEC-23 11.38.04.000000000 PM','DD-MON-RR HH.MI.SSXFF AM'),null,null,15,0);
Insert into ACL_INTERFACE_OPR (ACL_INTERFACE_OPR_ID,OPERATION_ID,USER_ID,ROLE_ID,STATUS,CREATED_BY,CREATED_AT,MODIFIED_BY,MODIFIED_AT,INTERFACE_ID,COMPANY_ID) values (6,1745841806431926,null,1,1,1,to_timestamp('29-DEC-23 10.40.06.000000000 PM','DD-MON-RR HH.MI.SSXFF AM'),null,null,4,0);
Insert into ACL_INTERFACE_OPR (ACL_INTERFACE_OPR_ID,OPERATION_ID,USER_ID,ROLE_ID,STATUS,CREATED_BY,CREATED_AT,MODIFIED_BY,MODIFIED_AT,INTERFACE_ID,COMPANY_ID) values (7,1745488026431926,null,1,1,1,to_timestamp('29-DEC-23 10.40.24.000000000 PM','DD-MON-RR HH.MI.SSXFF AM'),null,null,4,0);
Insert into ACL_INTERFACE_OPR (ACL_INTERFACE_OPR_ID,OPERATION_ID,USER_ID,ROLE_ID,STATUS,CREATED_BY,CREATED_AT,MODIFIED_BY,MODIFIED_AT,INTERFACE_ID,COMPANY_ID) values (30,1602189357422743,null,1,1,1,to_timestamp('29-DEC-23 11.38.14.000000000 PM','DD-MON-RR HH.MI.SSXFF AM'),null,null,16,0);
Insert into ACL_INTERFACE_OPR (ACL_INTERFACE_OPR_ID,OPERATION_ID,USER_ID,ROLE_ID,STATUS,CREATED_BY,CREATED_AT,MODIFIED_BY,MODIFIED_AT,INTERFACE_ID,COMPANY_ID) values (31,1601761123422743,null,1,1,1,to_timestamp('29-DEC-23 11.39.05.000000000 PM','DD-MON-RR HH.MI.SSXFF AM'),null,null,16,0);
Insert into ACL_INTERFACE_OPR (ACL_INTERFACE_OPR_ID,OPERATION_ID,USER_ID,ROLE_ID,STATUS,CREATED_BY,CREATED_AT,MODIFIED_BY,MODIFIED_AT,INTERFACE_ID,COMPANY_ID) values (32,1601334080422742,null,1,1,1,to_timestamp('29-DEC-23 11.39.15.000000000 PM','DD-MON-RR HH.MI.SSXFF AM'),null,null,16,0);
Insert into ACL_INTERFACE_OPR (ACL_INTERFACE_OPR_ID,OPERATION_ID,USER_ID,ROLE_ID,STATUS,CREATED_BY,CREATED_AT,MODIFIED_BY,MODIFIED_AT,INTERFACE_ID,COMPANY_ID) values (33,1652722881281462,null,1,1,1,to_timestamp('29-DEC-23 11.39.30.000000000 PM','DD-MON-RR HH.MI.SSXFF AM'),null,null,17,0);
Insert into ACL_INTERFACE_OPR (ACL_INTERFACE_OPR_ID,OPERATION_ID,USER_ID,ROLE_ID,STATUS,CREATED_BY,CREATED_AT,MODIFIED_BY,MODIFIED_AT,INTERFACE_ID,COMPANY_ID) values (34,1646042958281443,null,1,1,1,to_timestamp('29-DEC-23 11.39.41.000000000 PM','DD-MON-RR HH.MI.SSXFF AM'),null,null,18,0);
Insert into ACL_INTERFACE_OPR (ACL_INTERFACE_OPR_ID,OPERATION_ID,USER_ID,ROLE_ID,STATUS,CREATED_BY,CREATED_AT,MODIFIED_BY,MODIFIED_AT,INTERFACE_ID,COMPANY_ID) values (35,1645679701281443,null,1,1,1,to_timestamp('29-DEC-23 11.40.06.000000000 PM','DD-MON-RR HH.MI.SSXFF AM'),null,null,18,0);
Insert into ACL_INTERFACE_OPR (ACL_INTERFACE_OPR_ID,OPERATION_ID,USER_ID,ROLE_ID,STATUS,CREATED_BY,CREATED_AT,MODIFIED_BY,MODIFIED_AT,INTERFACE_ID,COMPANY_ID) values (36,1645226015281443,null,1,1,1,to_timestamp('29-DEC-23 11.40.20.000000000 PM','DD-MON-RR HH.MI.SSXFF AM'),null,null,18,0);
Insert into ACL_INTERFACE_OPR (ACL_INTERFACE_OPR_ID,OPERATION_ID,USER_ID,ROLE_ID,STATUS,CREATED_BY,CREATED_AT,MODIFIED_BY,MODIFIED_AT,INTERFACE_ID,COMPANY_ID) values (38,2337921359225978,null,1,1,1,to_timestamp('29-DEC-23 11.41.12.000000000 PM','DD-MON-RR HH.MI.SSXFF AM'),null,null,20,0);
Insert into ACL_INTERFACE_OPR (ACL_INTERFACE_OPR_ID,OPERATION_ID,USER_ID,ROLE_ID,STATUS,CREATED_BY,CREATED_AT,MODIFIED_BY,MODIFIED_AT,INTERFACE_ID,COMPANY_ID) values (39,2337599526225978,null,1,1,1,to_timestamp('29-DEC-23 11.41.23.000000000 PM','DD-MON-RR HH.MI.SSXFF AM'),null,null,20,0);
Insert into ACL_INTERFACE_OPR (ACL_INTERFACE_OPR_ID,OPERATION_ID,USER_ID,ROLE_ID,STATUS,CREATED_BY,CREATED_AT,MODIFIED_BY,MODIFIED_AT,INTERFACE_ID,COMPANY_ID) values (40,2337131632225976,null,1,1,1,to_timestamp('29-DEC-23 11.41.47.000000000 PM','DD-MON-RR HH.MI.SSXFF AM'),null,null,20,0);
Insert into ACL_INTERFACE_OPR (ACL_INTERFACE_OPR_ID,OPERATION_ID,USER_ID,ROLE_ID,STATUS,CREATED_BY,CREATED_AT,MODIFIED_BY,MODIFIED_AT,INTERFACE_ID,COMPANY_ID) values (46,2126428082491664,null,1,1,1,to_timestamp('29-DEC-23 11.43.42.000000000 PM','DD-MON-RR HH.MI.SSXFF AM'),null,null,24,0);
Insert into ACL_INTERFACE_OPR (ACL_INTERFACE_OPR_ID,OPERATION_ID,USER_ID,ROLE_ID,STATUS,CREATED_BY,CREATED_AT,MODIFIED_BY,MODIFIED_AT,INTERFACE_ID,COMPANY_ID) values (47,2126014321491664,null,1,1,1,to_timestamp('29-DEC-23 11.43.51.000000000 PM','DD-MON-RR HH.MI.SSXFF AM'),null,null,24,0);
Insert into ACL_INTERFACE_OPR (ACL_INTERFACE_OPR_ID,OPERATION_ID,USER_ID,ROLE_ID,STATUS,CREATED_BY,CREATED_AT,MODIFIED_BY,MODIFIED_AT,INTERFACE_ID,COMPANY_ID) values (48,2125668498491662,null,1,1,1,to_timestamp('29-DEC-23 11.44.00.000000000 PM','DD-MON-RR HH.MI.SSXFF AM'),null,null,24,0);
Insert into ACL_INTERFACE_OPR (ACL_INTERFACE_OPR_ID,OPERATION_ID,USER_ID,ROLE_ID,STATUS,CREATED_BY,CREATED_AT,MODIFIED_BY,MODIFIED_AT,INTERFACE_ID,COMPANY_ID) values (49,2159947407260203,null,1,1,1,to_timestamp('29-DEC-23 11.44.32.000000000 PM','DD-MON-RR HH.MI.SSXFF AM'),null,null,25,0);
Insert into ACL_INTERFACE_OPR (ACL_INTERFACE_OPR_ID,OPERATION_ID,USER_ID,ROLE_ID,STATUS,CREATED_BY,CREATED_AT,MODIFIED_BY,MODIFIED_AT,INTERFACE_ID,COMPANY_ID) values (50,2154139650260114,null,1,1,1,to_timestamp('29-DEC-23 11.44.43.000000000 PM','DD-MON-RR HH.MI.SSXFF AM'),null,null,26,0);
Insert into ACL_INTERFACE_OPR (ACL_INTERFACE_OPR_ID,OPERATION_ID,USER_ID,ROLE_ID,STATUS,CREATED_BY,CREATED_AT,MODIFIED_BY,MODIFIED_AT,INTERFACE_ID,COMPANY_ID) values (51,2153799111260114,null,1,1,1,to_timestamp('29-DEC-23 11.44.53.000000000 PM','DD-MON-RR HH.MI.SSXFF AM'),null,null,26,0);
Insert into ACL_INTERFACE_OPR (ACL_INTERFACE_OPR_ID,OPERATION_ID,USER_ID,ROLE_ID,STATUS,CREATED_BY,CREATED_AT,MODIFIED_BY,MODIFIED_AT,INTERFACE_ID,COMPANY_ID) values (52,2153352862260114,null,1,1,1,to_timestamp('29-DEC-23 11.45.03.000000000 PM','DD-MON-RR HH.MI.SSXFF AM'),null,null,26,0);
Insert into ACL_INTERFACE_OPR (ACL_INTERFACE_OPR_ID,OPERATION_ID,USER_ID,ROLE_ID,STATUS,CREATED_BY,CREATED_AT,MODIFIED_BY,MODIFIED_AT,INTERFACE_ID,COMPANY_ID) values (53,2180890062687056,null,1,1,1,to_timestamp('29-DEC-23 11.45.14.000000000 PM','DD-MON-RR HH.MI.SSXFF AM'),null,null,27,0);
Insert into ACL_INTERFACE_OPR (ACL_INTERFACE_OPR_ID,OPERATION_ID,USER_ID,ROLE_ID,STATUS,CREATED_BY,CREATED_AT,MODIFIED_BY,MODIFIED_AT,INTERFACE_ID,COMPANY_ID) values (3,1671540395969007,null,1,1,1,to_timestamp('29-DEC-23 10.32.40.000000000 PM','DD-MON-RR HH.MI.SSXFF AM'),null,null,2,0);
Insert into ACL_INTERFACE_OPR (ACL_INTERFACE_OPR_ID,OPERATION_ID,USER_ID,ROLE_ID,STATUS,CREATED_BY,CREATED_AT,MODIFIED_BY,MODIFIED_AT,INTERFACE_ID,COMPANY_ID) values (5,1752501188431932,null,1,1,1,to_timestamp('29-DEC-23 10.39.51.000000000 PM','DD-MON-RR HH.MI.SSXFF AM'),null,null,3,0);
Insert into ACL_INTERFACE_OPR (ACL_INTERFACE_OPR_ID,OPERATION_ID,USER_ID,ROLE_ID,STATUS,CREATED_BY,CREATED_AT,MODIFIED_BY,MODIFIED_AT,INTERFACE_ID,COMPANY_ID) values (12,1767279257494420,null,1,1,1,to_timestamp('29-DEC-23 10.42.50.000000000 PM','DD-MON-RR HH.MI.SSXFF AM'),null,null,6,0);
Insert into ACL_INTERFACE_OPR (ACL_INTERFACE_OPR_ID,OPERATION_ID,USER_ID,ROLE_ID,STATUS,CREATED_BY,CREATED_AT,MODIFIED_BY,MODIFIED_AT,INTERFACE_ID,COMPANY_ID) values (13,1729902485322535,null,1,1,1,to_timestamp('29-DEC-23 10.43.06.000000000 PM','DD-MON-RR HH.MI.SSXFF AM'),null,null,7,0);
Insert into ACL_INTERFACE_OPR (ACL_INTERFACE_OPR_ID,OPERATION_ID,USER_ID,ROLE_ID,STATUS,CREATED_BY,CREATED_AT,MODIFIED_BY,MODIFIED_AT,INTERFACE_ID,COMPANY_ID) values (2,1671910974969007,null,1,1,1,to_timestamp('29-DEC-23 10.32.18.000000000 PM','DD-MON-RR HH.MI.SSXFF AM'),null,null,2,0);
Insert into ACL_INTERFACE_OPR (ACL_INTERFACE_OPR_ID,OPERATION_ID,USER_ID,ROLE_ID,STATUS,CREATED_BY,CREATED_AT,MODIFIED_BY,MODIFIED_AT,INTERFACE_ID,COMPANY_ID) values (14,1724409746322534,null,1,1,1,to_timestamp('29-DEC-23 10.43.16.000000000 PM','DD-MON-RR HH.MI.SSXFF AM'),null,null,8,0);
Insert into ACL_INTERFACE_OPR (ACL_INTERFACE_OPR_ID,OPERATION_ID,USER_ID,ROLE_ID,STATUS,CREATED_BY,CREATED_AT,MODIFIED_BY,MODIFIED_AT,INTERFACE_ID,COMPANY_ID) values (15,1724054069322534,null,1,1,1,to_timestamp('29-DEC-23 10.43.26.000000000 PM','DD-MON-RR HH.MI.SSXFF AM'),null,null,8,0);
Insert into ACL_INTERFACE_OPR (ACL_INTERFACE_OPR_ID,OPERATION_ID,USER_ID,ROLE_ID,STATUS,CREATED_BY,CREATED_AT,MODIFIED_BY,MODIFIED_AT,INTERFACE_ID,COMPANY_ID) values (16,1723638027322532,null,1,1,1,to_timestamp('29-DEC-23 10.44.05.000000000 PM','DD-MON-RR HH.MI.SSXFF AM'),null,null,8,0);
Insert into ACL_INTERFACE_OPR (ACL_INTERFACE_OPR_ID,OPERATION_ID,USER_ID,ROLE_ID,STATUS,CREATED_BY,CREATED_AT,MODIFIED_BY,MODIFIED_AT,INTERFACE_ID,COMPANY_ID) values (17,1796048393562689,null,1,1,1,to_timestamp('29-DEC-23 10.44.20.000000000 PM','DD-MON-RR HH.MI.SSXFF AM'),null,null,9,0);
Insert into ACL_INTERFACE_OPR (ACL_INTERFACE_OPR_ID,OPERATION_ID,USER_ID,ROLE_ID,STATUS,CREATED_BY,CREATED_AT,MODIFIED_BY,MODIFIED_AT,INTERFACE_ID,COMPANY_ID) values (18,1790120996562685,null,1,1,1,to_timestamp('29-DEC-23 10.44.32.000000000 PM','DD-MON-RR HH.MI.SSXFF AM'),null,null,10,0);
Insert into ACL_INTERFACE_OPR (ACL_INTERFACE_OPR_ID,OPERATION_ID,USER_ID,ROLE_ID,STATUS,CREATED_BY,CREATED_AT,MODIFIED_BY,MODIFIED_AT,INTERFACE_ID,COMPANY_ID) values (19,1789726245562685,null,1,1,1,to_timestamp('29-DEC-23 10.44.42.000000000 PM','DD-MON-RR HH.MI.SSXFF AM'),null,null,10,0);
Insert into ACL_INTERFACE_OPR (ACL_INTERFACE_OPR_ID,OPERATION_ID,USER_ID,ROLE_ID,STATUS,CREATED_BY,CREATED_AT,MODIFIED_BY,MODIFIED_AT,INTERFACE_ID,COMPANY_ID) values (20,1789324139562685,null,1,1,1,to_timestamp('29-DEC-23 10.44.54.000000000 PM','DD-MON-RR HH.MI.SSXFF AM'),null,null,10,0);
Insert into ACL_INTERFACE_OPR (ACL_INTERFACE_OPR_ID,OPERATION_ID,USER_ID,ROLE_ID,STATUS,CREATED_BY,CREATED_AT,MODIFIED_BY,MODIFIED_AT,INTERFACE_ID,COMPANY_ID) values (21,1565072663794367,null,1,1,1,to_timestamp('29-DEC-23 11.35.45.000000000 PM','DD-MON-RR HH.MI.SSXFF AM'),null,null,11,0);
Insert into ACL_INTERFACE_OPR (ACL_INTERFACE_OPR_ID,OPERATION_ID,USER_ID,ROLE_ID,STATUS,CREATED_BY,CREATED_AT,MODIFIED_BY,MODIFIED_AT,INTERFACE_ID,COMPANY_ID) values (37,2344914578226032,null,1,1,1,to_timestamp('29-DEC-23 11.40.59.000000000 PM','DD-MON-RR HH.MI.SSXFF AM'),null,null,19,0);
Insert into ACL_INTERFACE_OPR (ACL_INTERFACE_OPR_ID,OPERATION_ID,USER_ID,ROLE_ID,STATUS,CREATED_BY,CREATED_AT,MODIFIED_BY,MODIFIED_AT,INTERFACE_ID,COMPANY_ID) values (45,2131885804491734,null,1,1,1,to_timestamp('29-DEC-23 11.43.22.000000000 PM','DD-MON-RR HH.MI.SSXFF AM'),null,null,23,0);
Insert into ACL_INTERFACE_OPR (ACL_INTERFACE_OPR_ID,OPERATION_ID,USER_ID,ROLE_ID,STATUS,CREATED_BY,CREATED_AT,MODIFIED_BY,MODIFIED_AT,INTERFACE_ID,COMPANY_ID) values (57,2200939168743451,null,1,1,1,to_timestamp('29-DEC-23 11.46.17.000000000 PM','DD-MON-RR HH.MI.SSXFF AM'),1,to_date('29-DEC-23','DD-MON-RR'),29,0);
Insert into ACL_INTERFACE_OPR (ACL_INTERFACE_OPR_ID,OPERATION_ID,USER_ID,ROLE_ID,STATUS,CREATED_BY,CREATED_AT,MODIFIED_BY,MODIFIED_AT,INTERFACE_ID,COMPANY_ID) values (58,2195040483743435,null,1,1,1,to_timestamp('29-DEC-23 11.46.31.000000000 PM','DD-MON-RR HH.MI.SSXFF AM'),1,to_date('29-DEC-23','DD-MON-RR'),30,0);
Insert into ACL_INTERFACE_OPR (ACL_INTERFACE_OPR_ID,OPERATION_ID,USER_ID,ROLE_ID,STATUS,CREATED_BY,CREATED_AT,MODIFIED_BY,MODIFIED_AT,INTERFACE_ID,COMPANY_ID) values (59,2194679276743435,null,1,1,1,to_timestamp('29-DEC-23 11.46.40.000000000 PM','DD-MON-RR HH.MI.SSXFF AM'),1,to_date('29-DEC-23','DD-MON-RR'),30,0);
Insert into ACL_INTERFACE_OPR (ACL_INTERFACE_OPR_ID,OPERATION_ID,USER_ID,ROLE_ID,STATUS,CREATED_BY,CREATED_AT,MODIFIED_BY,MODIFIED_AT,INTERFACE_ID,COMPANY_ID) values (60,2194233903743435,null,1,1,1,to_timestamp('29-DEC-23 11.51.08.000000000 PM','DD-MON-RR HH.MI.SSXFF AM'),null,null,30,0);
Insert into ACL_INTERFACE_OPR (ACL_INTERFACE_OPR_ID,OPERATION_ID,USER_ID,ROLE_ID,STATUS,CREATED_BY,CREATED_AT,MODIFIED_BY,MODIFIED_AT,INTERFACE_ID,COMPANY_ID) values (61,2230592723798807,null,1,1,1,to_timestamp('29-DEC-23 11.51.27.000000000 PM','DD-MON-RR HH.MI.SSXFF AM'),null,null,31,0);
Insert into ACL_INTERFACE_OPR (ACL_INTERFACE_OPR_ID,OPERATION_ID,USER_ID,ROLE_ID,STATUS,CREATED_BY,CREATED_AT,MODIFIED_BY,MODIFIED_AT,INTERFACE_ID,COMPANY_ID) values (62,2221096365798789,null,1,1,1,to_timestamp('29-DEC-23 11.51.38.000000000 PM','DD-MON-RR HH.MI.SSXFF AM'),null,null,32,0);
Insert into ACL_INTERFACE_OPR (ACL_INTERFACE_OPR_ID,OPERATION_ID,USER_ID,ROLE_ID,STATUS,CREATED_BY,CREATED_AT,MODIFIED_BY,MODIFIED_AT,INTERFACE_ID,COMPANY_ID) values (63,2220674410798789,null,1,1,1,to_timestamp('29-DEC-23 11.51.48.000000000 PM','DD-MON-RR HH.MI.SSXFF AM'),null,null,32,0);
Insert into ACL_INTERFACE_OPR (ACL_INTERFACE_OPR_ID,OPERATION_ID,USER_ID,ROLE_ID,STATUS,CREATED_BY,CREATED_AT,MODIFIED_BY,MODIFIED_AT,INTERFACE_ID,COMPANY_ID) values (64,2220228438798789,null,1,1,1,to_timestamp('29-DEC-23 11.51.58.000000000 PM','DD-MON-RR HH.MI.SSXFF AM'),null,null,32,0);
Insert into ACL_INTERFACE_OPR (ACL_INTERFACE_OPR_ID,OPERATION_ID,USER_ID,ROLE_ID,STATUS,CREATED_BY,CREATED_AT,MODIFIED_BY,MODIFIED_AT,INTERFACE_ID,COMPANY_ID) values (65,2261706093876017,null,1,1,1,to_timestamp('29-DEC-23 11.52.22.000000000 PM','DD-MON-RR HH.MI.SSXFF AM'),null,null,33,0);
Insert into ACL_INTERFACE_OPR (ACL_INTERFACE_OPR_ID,OPERATION_ID,USER_ID,ROLE_ID,STATUS,CREATED_BY,CREATED_AT,MODIFIED_BY,MODIFIED_AT,INTERFACE_ID,COMPANY_ID) values (66,2254374040876009,null,1,1,1,to_timestamp('29-DEC-23 11.52.32.000000000 PM','DD-MON-RR HH.MI.SSXFF AM'),null,null,34,0);
Insert into ACL_INTERFACE_OPR (ACL_INTERFACE_OPR_ID,OPERATION_ID,USER_ID,ROLE_ID,STATUS,CREATED_BY,CREATED_AT,MODIFIED_BY,MODIFIED_AT,INTERFACE_ID,COMPANY_ID) values (67,2253905434876009,null,1,1,1,to_timestamp('29-DEC-23 11.52.41.000000000 PM','DD-MON-RR HH.MI.SSXFF AM'),null,null,34,0);
Insert into ACL_INTERFACE_OPR (ACL_INTERFACE_OPR_ID,OPERATION_ID,USER_ID,ROLE_ID,STATUS,CREATED_BY,CREATED_AT,MODIFIED_BY,MODIFIED_AT,INTERFACE_ID,COMPANY_ID) values (68,2253557104876009,null,1,1,1,to_timestamp('29-DEC-23 11.52.51.000000000 PM','DD-MON-RR HH.MI.SSXFF AM'),null,null,34,0);
REM INSERTING into ACL_SAFE
SET DEFINE OFF;
REM INSERTING into ACL_STORE
SET DEFINE OFF;
REM INSERTING into ADMIN_APP_INTERFACE
SET DEFINE OFF;
Insert into ADMIN_APP_INTERFACE (INTERFACE_ID,NAME_AR,NAME_EN,TYPE,ORDERE,PARENT_ID,ICON_IMG,STATUS,SHOW_TITLE,DIC_TITLE,PAGE_NO) values (53,'ملفات المنتجات','Product Files',1,5,21,'fa-wrench',1,0,null,53);
Insert into ADMIN_APP_INTERFACE (INTERFACE_ID,NAME_AR,NAME_EN,TYPE,ORDERE,PARENT_ID,ICON_IMG,STATUS,SHOW_TITLE,DIC_TITLE,PAGE_NO) values (54,'واجهة ملفات المنتجات','Product Files Form',1,5,53,'fa-wrench',0,0,null,54);
Insert into ADMIN_APP_INTERFACE (INTERFACE_ID,NAME_AR,NAME_EN,TYPE,ORDERE,PARENT_ID,ICON_IMG,STATUS,SHOW_TITLE,DIC_TITLE,PAGE_NO) values (55,'طلبات الشراء','Purchase Order',1,1,26,'fa-wrench',1,0,null,55);
Insert into ADMIN_APP_INTERFACE (INTERFACE_ID,NAME_AR,NAME_EN,TYPE,ORDERE,PARENT_ID,ICON_IMG,STATUS,SHOW_TITLE,DIC_TITLE,PAGE_NO) values (56,'واجه طلبات الشراء','Purchase Order Form',1,1,45,'fa-wrench',0,0,null,56);
Insert into ADMIN_APP_INTERFACE (INTERFACE_ID,NAME_AR,NAME_EN,TYPE,ORDERE,PARENT_ID,ICON_IMG,STATUS,SHOW_TITLE,DIC_TITLE,PAGE_NO) values (57,'فواتير التأجير','Rent Invoices',1,1,26,'fa-wrench',1,0,null,57);
Insert into ADMIN_APP_INTERFACE (INTERFACE_ID,NAME_AR,NAME_EN,TYPE,ORDERE,PARENT_ID,ICON_IMG,STATUS,SHOW_TITLE,DIC_TITLE,PAGE_NO) values (58,'واجه فواتير التأجير','Rent Invoice Form',1,1,45,'fa-wrench',0,0,null,58);
Insert into ADMIN_APP_INTERFACE (INTERFACE_ID,NAME_AR,NAME_EN,TYPE,ORDERE,PARENT_ID,ICON_IMG,STATUS,SHOW_TITLE,DIC_TITLE,PAGE_NO) values (121,'فواتير المبيعات','Sales Invoices',1,5,26,'fa-wrench',1,0,null,121);
Insert into ADMIN_APP_INTERFACE (INTERFACE_ID,NAME_AR,NAME_EN,TYPE,ORDERE,PARENT_ID,ICON_IMG,STATUS,SHOW_TITLE,DIC_TITLE,PAGE_NO) values (122,'واجهة فواتير المبيعات','Sales Invoices Form',1,5,121,'fa-wrench',0,0,null,122);
Insert into ADMIN_APP_INTERFACE (INTERFACE_ID,NAME_AR,NAME_EN,TYPE,ORDERE,PARENT_ID,ICON_IMG,STATUS,SHOW_TITLE,DIC_TITLE,PAGE_NO) values (123,'فواتير مردود المبيعات','Sales Return Invoice',1,6,26,'fa-wrench',1,0,null,123);
Insert into ADMIN_APP_INTERFACE (INTERFACE_ID,NAME_AR,NAME_EN,TYPE,ORDERE,PARENT_ID,ICON_IMG,STATUS,SHOW_TITLE,DIC_TITLE,PAGE_NO) values (124,'واجهة فاتورة مردود المبيعات','Sales Return Invoice Form',1,6,123,'fa-wrench',0,0,null,124);
Insert into ADMIN_APP_INTERFACE (INTERFACE_ID,NAME_AR,NAME_EN,TYPE,ORDERE,PARENT_ID,ICON_IMG,STATUS,SHOW_TITLE,DIC_TITLE,PAGE_NO) values (125,'توريد مخزني','Stockin Order',1,4,26,'fa-wrench',1,0,null,125);
Insert into ADMIN_APP_INTERFACE (INTERFACE_ID,NAME_AR,NAME_EN,TYPE,ORDERE,PARENT_ID,ICON_IMG,STATUS,SHOW_TITLE,DIC_TITLE,PAGE_NO) values (126,'واجهة توريد مخزني','Stockin Order form',1,7,51,'fa-wrench',0,0,null,126);
Insert into ADMIN_APP_INTERFACE (INTERFACE_ID,NAME_AR,NAME_EN,TYPE,ORDERE,PARENT_ID,ICON_IMG,STATUS,SHOW_TITLE,DIC_TITLE,PAGE_NO) values (127,'تحويل مخزني','Transfer Order',1,5,26,'fa-money-bill-alt',1,0,null,127);
Insert into ADMIN_APP_INTERFACE (INTERFACE_ID,NAME_AR,NAME_EN,TYPE,ORDERE,PARENT_ID,ICON_IMG,STATUS,SHOW_TITLE,DIC_TITLE,PAGE_NO) values (128,'واجهة تحويل مخزني','Transfer Order Form',1,5,127,'fa-money-bill-alt',0,0,null,128);
Insert into ADMIN_APP_INTERFACE (INTERFACE_ID,NAME_AR,NAME_EN,TYPE,ORDERE,PARENT_ID,ICON_IMG,STATUS,SHOW_TITLE,DIC_TITLE,PAGE_NO) values (129,'صلاحيات الصناديق','Safe Privalage',1,19,21,'fa-wrench',1,0,null,129);
Insert into ADMIN_APP_INTERFACE (INTERFACE_ID,NAME_AR,NAME_EN,TYPE,ORDERE,PARENT_ID,ICON_IMG,STATUS,SHOW_TITLE,DIC_TITLE,PAGE_NO) values (130,'واجهه صلاحيات الصناديق','Safe Privalage Form',1,19,129,'fa-wrench',0,0,null,130);
Insert into ADMIN_APP_INTERFACE (INTERFACE_ID,NAME_AR,NAME_EN,TYPE,ORDERE,PARENT_ID,ICON_IMG,STATUS,SHOW_TITLE,DIC_TITLE,PAGE_NO) values (52,'واجهة امر صرف مخزني','Stockout Order form',1,4,51,'fa-wrench',0,0,null,52);
Insert into ADMIN_APP_INTERFACE (INTERFACE_ID,NAME_AR,NAME_EN,TYPE,ORDERE,PARENT_ID,ICON_IMG,STATUS,SHOW_TITLE,DIC_TITLE,PAGE_NO) values (100,'الموردين والعملاء','Providers & Customers',0,5,0,'fa-wrench',1,0,null,100);
Insert into ADMIN_APP_INTERFACE (INTERFACE_ID,NAME_AR,NAME_EN,TYPE,ORDERE,PARENT_ID,ICON_IMG,STATUS,SHOW_TITLE,DIC_TITLE,PAGE_NO) values (101,'الموردين','Providers',1,1,100,'fa-wrench',1,0,null,101);
Insert into ADMIN_APP_INTERFACE (INTERFACE_ID,NAME_AR,NAME_EN,TYPE,ORDERE,PARENT_ID,ICON_IMG,STATUS,SHOW_TITLE,DIC_TITLE,PAGE_NO) values (102,'واجهة الموردين','Provider Form',1,1,101,'fa-wrench',0,0,null,102);
Insert into ADMIN_APP_INTERFACE (INTERFACE_ID,NAME_AR,NAME_EN,TYPE,ORDERE,PARENT_ID,ICON_IMG,STATUS,SHOW_TITLE,DIC_TITLE,PAGE_NO) values (103,'العملاء','Customers',1,2,100,'fa-wrench',1,0,null,103);
Insert into ADMIN_APP_INTERFACE (INTERFACE_ID,NAME_AR,NAME_EN,TYPE,ORDERE,PARENT_ID,ICON_IMG,STATUS,SHOW_TITLE,DIC_TITLE,PAGE_NO) values (104,'واجهة العملاء','Customers Form',1,2,103,'fa-wrench',0,0,null,104);
Insert into ADMIN_APP_INTERFACE (INTERFACE_ID,NAME_AR,NAME_EN,TYPE,ORDERE,PARENT_ID,ICON_IMG,STATUS,SHOW_TITLE,DIC_TITLE,PAGE_NO) values (21,'تهيئة النظام','System Setup',0,2,0,'fa-wrench',1,0,null,21);
Insert into ADMIN_APP_INTERFACE (INTERFACE_ID,NAME_AR,NAME_EN,TYPE,ORDERE,PARENT_ID,ICON_IMG,STATUS,SHOW_TITLE,DIC_TITLE,PAGE_NO) values (22,' الفروع','Branches',1,1,21,'fa-wrench',1,0,null,22);
Insert into ADMIN_APP_INTERFACE (INTERFACE_ID,NAME_AR,NAME_EN,TYPE,ORDERE,PARENT_ID,ICON_IMG,STATUS,SHOW_TITLE,DIC_TITLE,PAGE_NO) values (23,' واجهة الفروع','Branches Form',1,1,22,'fa-wrench',0,0,null,23);
Insert into ADMIN_APP_INTERFACE (INTERFACE_ID,NAME_AR,NAME_EN,TYPE,ORDERE,PARENT_ID,ICON_IMG,STATUS,SHOW_TITLE,DIC_TITLE,PAGE_NO) values (27,' الحسابات البنكية ','Bank Accounts',1,2,21,'fa-wrench',1,0,null,27);
Insert into ADMIN_APP_INTERFACE (INTERFACE_ID,NAME_AR,NAME_EN,TYPE,ORDERE,PARENT_ID,ICON_IMG,STATUS,SHOW_TITLE,DIC_TITLE,PAGE_NO) values (28,'واجهة  الحسابات البنكية ','Bank Accounts Form',1,1,27,'fa-wrench',0,0,null,28);
Insert into ADMIN_APP_INTERFACE (INTERFACE_ID,NAME_AR,NAME_EN,TYPE,ORDERE,PARENT_ID,ICON_IMG,STATUS,SHOW_TITLE,DIC_TITLE,PAGE_NO) values (29,'العملات','Currency',1,3,21,'fa-wrench',1,0,null,29);
Insert into ADMIN_APP_INTERFACE (INTERFACE_ID,NAME_AR,NAME_EN,TYPE,ORDERE,PARENT_ID,ICON_IMG,STATUS,SHOW_TITLE,DIC_TITLE,PAGE_NO) values (30,'واجهة العملات','Currency Form',1,3,29,'fa-wrench',0,0,null,30);
Insert into ADMIN_APP_INTERFACE (INTERFACE_ID,NAME_AR,NAME_EN,TYPE,ORDERE,PARENT_ID,ICON_IMG,STATUS,SHOW_TITLE,DIC_TITLE,PAGE_NO) values (31,'الوحدات','Unit',1,4,21,'fa-wrench',1,0,null,31);
Insert into ADMIN_APP_INTERFACE (INTERFACE_ID,NAME_AR,NAME_EN,TYPE,ORDERE,PARENT_ID,ICON_IMG,STATUS,SHOW_TITLE,DIC_TITLE,PAGE_NO) values (32,'واجهة الوحدات','Unit Form',1,4,31,'fa-wrench',0,0,null,32);
Insert into ADMIN_APP_INTERFACE (INTERFACE_ID,NAME_AR,NAME_EN,TYPE,ORDERE,PARENT_ID,ICON_IMG,STATUS,SHOW_TITLE,DIC_TITLE,PAGE_NO) values (33,'المنتجات','Product',1,5,21,'fa-wrench',1,0,null,33);
Insert into ADMIN_APP_INTERFACE (INTERFACE_ID,NAME_AR,NAME_EN,TYPE,ORDERE,PARENT_ID,ICON_IMG,STATUS,SHOW_TITLE,DIC_TITLE,PAGE_NO) values (34,'واجهة المنتجات','Product Form',1,5,33,'fa-wrench',0,0,null,34);
Insert into ADMIN_APP_INTERFACE (INTERFACE_ID,NAME_AR,NAME_EN,TYPE,ORDERE,PARENT_ID,ICON_IMG,STATUS,SHOW_TITLE,DIC_TITLE,PAGE_NO) values (35,'وحدات المنتجات','Product Unit',1,5,21,'fa-wrench',1,0,null,35);
Insert into ADMIN_APP_INTERFACE (INTERFACE_ID,NAME_AR,NAME_EN,TYPE,ORDERE,PARENT_ID,ICON_IMG,STATUS,SHOW_TITLE,DIC_TITLE,PAGE_NO) values (36,'واجهة وحدات المنتجات','Product Unit Form',1,5,35,'fa-wrench',0,0,null,36);
Insert into ADMIN_APP_INTERFACE (INTERFACE_ID,NAME_AR,NAME_EN,TYPE,ORDERE,PARENT_ID,ICON_IMG,STATUS,SHOW_TITLE,DIC_TITLE,PAGE_NO) values (37,'باركورد المنتجات','Product Barcode',1,6,21,'fa-wrench',1,0,null,37);
Insert into ADMIN_APP_INTERFACE (INTERFACE_ID,NAME_AR,NAME_EN,TYPE,ORDERE,PARENT_ID,ICON_IMG,STATUS,SHOW_TITLE,DIC_TITLE,PAGE_NO) values (38,'واجهة باركورد المنتجات','Product Barcode Form',1,6,37,'fa-wrench',0,0,null,38);
Insert into ADMIN_APP_INTERFACE (INTERFACE_ID,NAME_AR,NAME_EN,TYPE,ORDERE,PARENT_ID,ICON_IMG,STATUS,SHOW_TITLE,DIC_TITLE,PAGE_NO) values (39,'الدول','Country',1,7,21,'fa-wrench',1,0,null,39);
Insert into ADMIN_APP_INTERFACE (INTERFACE_ID,NAME_AR,NAME_EN,TYPE,ORDERE,PARENT_ID,ICON_IMG,STATUS,SHOW_TITLE,DIC_TITLE,PAGE_NO) values (40,'واجهة الدول','Country Form',1,7,39,'fa-wrench',0,0,null,40);
Insert into ADMIN_APP_INTERFACE (INTERFACE_ID,NAME_AR,NAME_EN,TYPE,ORDERE,PARENT_ID,ICON_IMG,STATUS,SHOW_TITLE,DIC_TITLE,PAGE_NO) values (41,'المدن','City',1,8,21,'fa-wrench',1,0,null,41);
Insert into ADMIN_APP_INTERFACE (INTERFACE_ID,NAME_AR,NAME_EN,TYPE,ORDERE,PARENT_ID,ICON_IMG,STATUS,SHOW_TITLE,DIC_TITLE,PAGE_NO) values (42,'واجهة المدن','City Form',1,8,41,'fa-wrench',0,0,null,42);
Insert into ADMIN_APP_INTERFACE (INTERFACE_ID,NAME_AR,NAME_EN,TYPE,ORDERE,PARENT_ID,ICON_IMG,STATUS,SHOW_TITLE,DIC_TITLE,PAGE_NO) values (43,'المناطق','Region',1,9,21,'fa-wrench',1,0,null,43);
Insert into ADMIN_APP_INTERFACE (INTERFACE_ID,NAME_AR,NAME_EN,TYPE,ORDERE,PARENT_ID,ICON_IMG,STATUS,SHOW_TITLE,DIC_TITLE,PAGE_NO) values (44,'واجهة المناطق','Region Form',1,9,43,'fa-wrench',0,0,null,44);
Insert into ADMIN_APP_INTERFACE (INTERFACE_ID,NAME_AR,NAME_EN,TYPE,ORDERE,PARENT_ID,ICON_IMG,STATUS,SHOW_TITLE,DIC_TITLE,PAGE_NO) values (1,'الرئيسية','Main',0,1,0,'fa fa fa-home',1,0,null,1);
Insert into ADMIN_APP_INTERFACE (INTERFACE_ID,NAME_AR,NAME_EN,TYPE,ORDERE,PARENT_ID,ICON_IMG,STATUS,SHOW_TITLE,DIC_TITLE,PAGE_NO) values (18,'الحسابات','Accounts',0,3,0,'fa-wrench',1,0,null,18);
Insert into ADMIN_APP_INTERFACE (INTERFACE_ID,NAME_AR,NAME_EN,TYPE,ORDERE,PARENT_ID,ICON_IMG,STATUS,SHOW_TITLE,DIC_TITLE,PAGE_NO) values (19,'العمليات','Operations',0,1,18,'fa-wrench',1,0,null,19);
Insert into ADMIN_APP_INTERFACE (INTERFACE_ID,NAME_AR,NAME_EN,TYPE,ORDERE,PARENT_ID,ICON_IMG,STATUS,SHOW_TITLE,DIC_TITLE,PAGE_NO) values (2,'الدليل المحاسبي','Chart Of Account',1,1,19,'fa-wrench',1,0,null,2);
Insert into ADMIN_APP_INTERFACE (INTERFACE_ID,NAME_AR,NAME_EN,TYPE,ORDERE,PARENT_ID,ICON_IMG,STATUS,SHOW_TITLE,DIC_TITLE,PAGE_NO) values (3,'واجهة  الدليل المحاسبي','Chart Of Account Form',1,1,2,'fa-wrench',0,0,null,3);
Insert into ADMIN_APP_INTERFACE (INTERFACE_ID,NAME_AR,NAME_EN,TYPE,ORDERE,PARENT_ID,ICON_IMG,STATUS,SHOW_TITLE,DIC_TITLE,PAGE_NO) values (5,'واجهة  سندات القبض','Receipt Voucher Form',1,2,15,'fa-wrench',0,0,null,5);
Insert into ADMIN_APP_INTERFACE (INTERFACE_ID,NAME_AR,NAME_EN,TYPE,ORDERE,PARENT_ID,ICON_IMG,STATUS,SHOW_TITLE,DIC_TITLE,PAGE_NO) values (4,'سندات القبض','Receipt Voucher',1,2,19,'fa-wrench',1,0,null,4);
Insert into ADMIN_APP_INTERFACE (INTERFACE_ID,NAME_AR,NAME_EN,TYPE,ORDERE,PARENT_ID,ICON_IMG,STATUS,SHOW_TITLE,DIC_TITLE,PAGE_NO) values (7,'سندات الصرف','Payment Voucher',1,4,19,'fa-wrench',1,0,null,7);
Insert into ADMIN_APP_INTERFACE (INTERFACE_ID,NAME_AR,NAME_EN,TYPE,ORDERE,PARENT_ID,ICON_IMG,STATUS,SHOW_TITLE,DIC_TITLE,PAGE_NO) values (8,'واجهة سندات الصرف','Payment Voucher Form',1,4,8,'fa-wrench',0,0,null,8);
Insert into ADMIN_APP_INTERFACE (INTERFACE_ID,NAME_AR,NAME_EN,TYPE,ORDERE,PARENT_ID,ICON_IMG,STATUS,SHOW_TITLE,DIC_TITLE,PAGE_NO) values (9,' القيود اليومية','Journal Entries',1,6,19,'fa-wrench',1,0,null,9);
Insert into ADMIN_APP_INTERFACE (INTERFACE_ID,NAME_AR,NAME_EN,TYPE,ORDERE,PARENT_ID,ICON_IMG,STATUS,SHOW_TITLE,DIC_TITLE,PAGE_NO) values (10,'واجهة القيود اليومية','Journal Entries Form',1,6,12,'fa-wrench',0,0,null,10);
Insert into ADMIN_APP_INTERFACE (INTERFACE_ID,NAME_AR,NAME_EN,TYPE,ORDERE,PARENT_ID,ICON_IMG,STATUS,SHOW_TITLE,DIC_TITLE,PAGE_NO) values (20,'التقارير','Reports',0,2,18,'fa-wrench',1,0,null,20);
Insert into ADMIN_APP_INTERFACE (INTERFACE_ID,NAME_AR,NAME_EN,TYPE,ORDERE,PARENT_ID,ICON_IMG,STATUS,SHOW_TITLE,DIC_TITLE,PAGE_NO) values (13,'كشف حساب','Account Statement',1,1,20,'fa-wrench',1,0,null,13);
Insert into ADMIN_APP_INTERFACE (INTERFACE_ID,NAME_AR,NAME_EN,TYPE,ORDERE,PARENT_ID,ICON_IMG,STATUS,SHOW_TITLE,DIC_TITLE,PAGE_NO) values (14,'ميزان المراجعة','Trial Balance',1,2,20,'fa-wrench',1,0,null,14);
Insert into ADMIN_APP_INTERFACE (INTERFACE_ID,NAME_AR,NAME_EN,TYPE,ORDERE,PARENT_ID,ICON_IMG,STATUS,SHOW_TITLE,DIC_TITLE,PAGE_NO) values (16,'قائمة الدخل','Income List',1,3,20,'fa-wrench',1,0,null,16);
Insert into ADMIN_APP_INTERFACE (INTERFACE_ID,NAME_AR,NAME_EN,TYPE,ORDERE,PARENT_ID,ICON_IMG,STATUS,SHOW_TITLE,DIC_TITLE,PAGE_NO) values (17,'الميزانية العمومية','Balance Sheet',1,4,20,'fa-wrench',1,0,null,17);
Insert into ADMIN_APP_INTERFACE (INTERFACE_ID,NAME_AR,NAME_EN,TYPE,ORDERE,PARENT_ID,ICON_IMG,STATUS,SHOW_TITLE,DIC_TITLE,PAGE_NO) values (47,'فواتير مردود المشتريات','Purchase Return Invoice',1,2,26,'fa-wrench',1,0,null,47);
Insert into ADMIN_APP_INTERFACE (INTERFACE_ID,NAME_AR,NAME_EN,TYPE,ORDERE,PARENT_ID,ICON_IMG,STATUS,SHOW_TITLE,DIC_TITLE,PAGE_NO) values (48,'واجهة فاتورة مردود المشتريات','Purchase Return Invoice Form',1,2,47,'fa-wrench',0,0,null,48);
Insert into ADMIN_APP_INTERFACE (INTERFACE_ID,NAME_AR,NAME_EN,TYPE,ORDERE,PARENT_ID,ICON_IMG,STATUS,SHOW_TITLE,DIC_TITLE,PAGE_NO) values (49,'مخزون اول المدة','First Period Stock',1,3,26,'fa-wrench',1,0,null,49);
Insert into ADMIN_APP_INTERFACE (INTERFACE_ID,NAME_AR,NAME_EN,TYPE,ORDERE,PARENT_ID,ICON_IMG,STATUS,SHOW_TITLE,DIC_TITLE,PAGE_NO) values (50,'واجهة مخزون اول المدة','First Period Stock Form',1,3,49,'fa-wrench',0,0,null,50);
Insert into ADMIN_APP_INTERFACE (INTERFACE_ID,NAME_AR,NAME_EN,TYPE,ORDERE,PARENT_ID,ICON_IMG,STATUS,SHOW_TITLE,DIC_TITLE,PAGE_NO) values (51,'امر صرف مخزني','Stockout Order',1,4,26,'fa-wrench',1,0,null,51);
Insert into ADMIN_APP_INTERFACE (INTERFACE_ID,NAME_AR,NAME_EN,TYPE,ORDERE,PARENT_ID,ICON_IMG,STATUS,SHOW_TITLE,DIC_TITLE,PAGE_NO) values (105,'المستخدمين','Users',1,16,21,'fa-users',1,0,null,105);
Insert into ADMIN_APP_INTERFACE (INTERFACE_ID,NAME_AR,NAME_EN,TYPE,ORDERE,PARENT_ID,ICON_IMG,STATUS,SHOW_TITLE,DIC_TITLE,PAGE_NO) values (106,'واجهة المستخدمين','Users Form',1,16,105,'fa-users',0,0,null,106);
Insert into ADMIN_APP_INTERFACE (INTERFACE_ID,NAME_AR,NAME_EN,TYPE,ORDERE,PARENT_ID,ICON_IMG,STATUS,SHOW_TITLE,DIC_TITLE,PAGE_NO) values (111,' مجموعات المنتجات','Product Groups',1,12,21,'fa-wrench',1,0,null,111);
Insert into ADMIN_APP_INTERFACE (INTERFACE_ID,NAME_AR,NAME_EN,TYPE,ORDERE,PARENT_ID,ICON_IMG,STATUS,SHOW_TITLE,DIC_TITLE,PAGE_NO) values (112,'واجهة  مجموعات المنتجات','Product Groups Form',1,12,111,'fa-wrench',0,0,null,112);
Insert into ADMIN_APP_INTERFACE (INTERFACE_ID,NAME_AR,NAME_EN,TYPE,ORDERE,PARENT_ID,ICON_IMG,STATUS,SHOW_TITLE,DIC_TITLE,PAGE_NO) values (113,'المجموعات الضريبية','Tax Groups',1,13,21,'fa-wrench',1,0,null,113);
Insert into ADMIN_APP_INTERFACE (INTERFACE_ID,NAME_AR,NAME_EN,TYPE,ORDERE,PARENT_ID,ICON_IMG,STATUS,SHOW_TITLE,DIC_TITLE,PAGE_NO) values (114,'واجهة المجموعات الضريبية','Tax Groups Form',1,13,113,'fa-wrench',0,0,null,114);
Insert into ADMIN_APP_INTERFACE (INTERFACE_ID,NAME_AR,NAME_EN,TYPE,ORDERE,PARENT_ID,ICON_IMG,STATUS,SHOW_TITLE,DIC_TITLE,PAGE_NO) values (115,'الصناديق','Safe',1,14,21,'fa-wrench',1,0,null,115);
Insert into ADMIN_APP_INTERFACE (INTERFACE_ID,NAME_AR,NAME_EN,TYPE,ORDERE,PARENT_ID,ICON_IMG,STATUS,SHOW_TITLE,DIC_TITLE,PAGE_NO) values (116,'واجهة الصناديق','Safe Form',1,14,115,'fa-wrench',0,0,null,116);
Insert into ADMIN_APP_INTERFACE (INTERFACE_ID,NAME_AR,NAME_EN,TYPE,ORDERE,PARENT_ID,ICON_IMG,STATUS,SHOW_TITLE,DIC_TITLE,PAGE_NO) values (117,'المخازن','Stores',1,15,21,'fa-wrench',1,0,null,117);
Insert into ADMIN_APP_INTERFACE (INTERFACE_ID,NAME_AR,NAME_EN,TYPE,ORDERE,PARENT_ID,ICON_IMG,STATUS,SHOW_TITLE,DIC_TITLE,PAGE_NO) values (118,'واجهة المخازن','Store Form',1,15,117,'fa-wrench',0,0,null,118);
Insert into ADMIN_APP_INTERFACE (INTERFACE_ID,NAME_AR,NAME_EN,TYPE,ORDERE,PARENT_ID,ICON_IMG,STATUS,SHOW_TITLE,DIC_TITLE,PAGE_NO) values (107,'الادوار','Roles',1,17,21,'fa-users',1,0,null,107);
Insert into ADMIN_APP_INTERFACE (INTERFACE_ID,NAME_AR,NAME_EN,TYPE,ORDERE,PARENT_ID,ICON_IMG,STATUS,SHOW_TITLE,DIC_TITLE,PAGE_NO) values (108,'واجهة الادوار','Roles Form',1,17,107,'fa-users',0,0,null,108);
Insert into ADMIN_APP_INTERFACE (INTERFACE_ID,NAME_AR,NAME_EN,TYPE,ORDERE,PARENT_ID,ICON_IMG,STATUS,SHOW_TITLE,DIC_TITLE,PAGE_NO) values (109,'الشركات','Companys',1,18,21,'fa-wrench',1,0,null,109);
Insert into ADMIN_APP_INTERFACE (INTERFACE_ID,NAME_AR,NAME_EN,TYPE,ORDERE,PARENT_ID,ICON_IMG,STATUS,SHOW_TITLE,DIC_TITLE,PAGE_NO) values (110,'واجهة الشركات','Companys Form',1,18,109,'fa-wrench',0,0,null,110);
Insert into ADMIN_APP_INTERFACE (INTERFACE_ID,NAME_AR,NAME_EN,TYPE,ORDERE,PARENT_ID,ICON_IMG,STATUS,SHOW_TITLE,DIC_TITLE,PAGE_NO) values (26,'المبيعات والمشتريات','Sales & Purchases',0,4,0,'fa-wrench',1,0,null,26);
Insert into ADMIN_APP_INTERFACE (INTERFACE_ID,NAME_AR,NAME_EN,TYPE,ORDERE,PARENT_ID,ICON_IMG,STATUS,SHOW_TITLE,DIC_TITLE,PAGE_NO) values (45,'فواتير المشتريات','Purchase Invoices',1,1,26,'fa-wrench',1,0,null,45);
Insert into ADMIN_APP_INTERFACE (INTERFACE_ID,NAME_AR,NAME_EN,TYPE,ORDERE,PARENT_ID,ICON_IMG,STATUS,SHOW_TITLE,DIC_TITLE,PAGE_NO) values (46,'واجه فواتير المشتريات','Purchase Invoice Form',1,1,45,'fa-wrench',0,0,null,46);
REM INSERTING into ADMIN_APP_INTERFACEE
SET DEFINE OFF;
Insert into ADMIN_APP_INTERFACEE (INTERFACE_ID,INTERFACE_NAME,PAGE_ID) values (6,'تقرير العملاء','8');
Insert into ADMIN_APP_INTERFACEE (INTERFACE_ID,INTERFACE_NAME,PAGE_ID) values (23,'واجهة العملاء','9');
Insert into ADMIN_APP_INTERFACEE (INTERFACE_ID,INTERFACE_NAME,PAGE_ID) values (1,'واجهة الموظفين','7');
Insert into ADMIN_APP_INTERFACEE (INTERFACE_ID,INTERFACE_NAME,PAGE_ID) values (2,'تقرير الموظفين','6');
Insert into ADMIN_APP_INTERFACEE (INTERFACE_ID,INTERFACE_NAME,PAGE_ID) values (3,'واجهة الموردين','3');
Insert into ADMIN_APP_INTERFACEE (INTERFACE_ID,INTERFACE_NAME,PAGE_ID) values (4,'تقرير صلاحيات العمليات','20');
Insert into ADMIN_APP_INTERFACEE (INTERFACE_ID,INTERFACE_NAME,PAGE_ID) values (21,'تقرير الموردين','2');
Insert into ADMIN_APP_INTERFACEE (INTERFACE_ID,INTERFACE_NAME,PAGE_ID) values (61,'تقرير المستخدمين','4');
Insert into ADMIN_APP_INTERFACEE (INTERFACE_ID,INTERFACE_NAME,PAGE_ID) values (24,'واجهة صلاحية العمليات','21');
Insert into ADMIN_APP_INTERFACEE (INTERFACE_ID,INTERFACE_NAME,PAGE_ID) values (41,'واجهة الشاشات','11');
Insert into ADMIN_APP_INTERFACEE (INTERFACE_ID,INTERFACE_NAME,PAGE_ID) values (43,'تقرير الشاشات','10');
Insert into ADMIN_APP_INTERFACEE (INTERFACE_ID,INTERFACE_NAME,PAGE_ID) values (5,'تقرير صلاحيات العمليات','20');
Insert into ADMIN_APP_INTERFACEE (INTERFACE_ID,INTERFACE_NAME,PAGE_ID) values (7,'تقرير الادوار','16');
Insert into ADMIN_APP_INTERFACEE (INTERFACE_ID,INTERFACE_NAME,PAGE_ID) values (8,'واجهة الادوار','17');
Insert into ADMIN_APP_INTERFACEE (INTERFACE_ID,INTERFACE_NAME,PAGE_ID) values (9,'تقرير ادوار المستخدمين','22');
Insert into ADMIN_APP_INTERFACEE (INTERFACE_ID,INTERFACE_NAME,PAGE_ID) values (11,'تقرير المستخدمين','4');
Insert into ADMIN_APP_INTERFACEE (INTERFACE_ID,INTERFACE_NAME,PAGE_ID) values (17,'تقرير العملاء','8');
Insert into ADMIN_APP_INTERFACEE (INTERFACE_ID,INTERFACE_NAME,PAGE_ID) values (14,'واجهة الموظفين','7');
Insert into ADMIN_APP_INTERFACEE (INTERFACE_ID,INTERFACE_NAME,PAGE_ID) values (16,'واجهة الموردين','3');
Insert into ADMIN_APP_INTERFACEE (INTERFACE_ID,INTERFACE_NAME,PAGE_ID) values (18,'واجهة العملاء','9');
Insert into ADMIN_APP_INTERFACEE (INTERFACE_ID,INTERFACE_NAME,PAGE_ID) values (19,'تقرير المخازن','41');
Insert into ADMIN_APP_INTERFACEE (INTERFACE_ID,INTERFACE_NAME,PAGE_ID) values (22,'واجهة المجموعات','28');
Insert into ADMIN_APP_INTERFACEE (INTERFACE_ID,INTERFACE_NAME,PAGE_ID) values (12,'واجهة المستخدمين','5');
Insert into ADMIN_APP_INTERFACEE (INTERFACE_ID,INTERFACE_NAME,PAGE_ID) values (26,'واجهة الوحدات','25');
Insert into ADMIN_APP_INTERFACEE (INTERFACE_ID,INTERFACE_NAME,PAGE_ID) values (27,'تقرير الاحجام','31');
Insert into ADMIN_APP_INTERFACEE (INTERFACE_ID,INTERFACE_NAME,PAGE_ID) values (29,'تقرير الالوان','33');
Insert into ADMIN_APP_INTERFACEE (INTERFACE_ID,INTERFACE_NAME,PAGE_ID) values (30,'واجهة الالوان','34');
Insert into ADMIN_APP_INTERFACEE (INTERFACE_ID,INTERFACE_NAME,PAGE_ID) values (31,'تقرير اصناف المنتجات','35');
Insert into ADMIN_APP_INTERFACEE (INTERFACE_ID,INTERFACE_NAME,PAGE_ID) values (32,'واجهة اصناف المنتجات','36');
Insert into ADMIN_APP_INTERFACEE (INTERFACE_ID,INTERFACE_NAME,PAGE_ID) values (33,'تقرير ملف الاصناف','37');
Insert into ADMIN_APP_INTERFACEE (INTERFACE_ID,INTERFACE_NAME,PAGE_ID) values (13,'تقرير الموظفين','6');
Insert into ADMIN_APP_INTERFACEE (INTERFACE_ID,INTERFACE_NAME,PAGE_ID) values (15,'تقرير الموردين','2');
Insert into ADMIN_APP_INTERFACEE (INTERFACE_ID,INTERFACE_NAME,PAGE_ID) values (20,'واجهة المخازن','42');
Insert into ADMIN_APP_INTERFACEE (INTERFACE_ID,INTERFACE_NAME,PAGE_ID) values (25,'تقرير الوحدات','24');
Insert into ADMIN_APP_INTERFACEE (INTERFACE_ID,INTERFACE_NAME,PAGE_ID) values (28,'واجهة الاحجام','32');
Insert into ADMIN_APP_INTERFACEE (INTERFACE_ID,INTERFACE_NAME,PAGE_ID) values (10,'واجهة ادوار المستخدمين','23');
Insert into ADMIN_APP_INTERFACEE (INTERFACE_ID,INTERFACE_NAME,PAGE_ID) values (34,'واجهة ملف الاصناف','38');
REM INSERTING into ADMIN_APP_OPERATION
SET DEFINE OFF;
Insert into ADMIN_APP_OPERATION (OPERATION_ID,OPERATION_NAME,CREATED_BY,CREATED_AT,MODIFIED_BY,MODIFIED_AT) values (2,'حذف',null,null,null,to_date('18-MAR-23','DD-MON-RR'));
Insert into ADMIN_APP_OPERATION (OPERATION_ID,OPERATION_NAME,CREATED_BY,CREATED_AT,MODIFIED_BY,MODIFIED_AT) values (3,'تعديل',null,to_timestamp('18-MAR-23 02.33.17.000000000 AM','DD-MON-RR HH.MI.SSXFF AM'),null,null);
Insert into ADMIN_APP_OPERATION (OPERATION_ID,OPERATION_NAME,CREATED_BY,CREATED_AT,MODIFIED_BY,MODIFIED_AT) values (4,'طباعة',null,to_timestamp('18-MAR-23 02.33.38.000000000 AM','DD-MON-RR HH.MI.SSXFF AM'),null,null);
Insert into ADMIN_APP_OPERATION (OPERATION_ID,OPERATION_NAME,CREATED_BY,CREATED_AT,MODIFIED_BY,MODIFIED_AT) values (1,'اضافة',null,null,null,to_date('18-MAR-23','DD-MON-RR'));
Insert into ADMIN_APP_OPERATION (OPERATION_ID,OPERATION_NAME,CREATED_BY,CREATED_AT,MODIFIED_BY,MODIFIED_AT) values (5,'بحث',null,to_timestamp('18-MAR-23 02.33.45.000000000 AM','DD-MON-RR HH.MI.SSXFF AM'),null,null);
REM INSERTING into ADMIN_COMPANY
SET DEFINE OFF;
Insert into ADMIN_COMPANY (COMPANY_ID,NAME_AR,NAME_EN,MOBILE_NO,TEL_NO,FAX,EMAIL,TAX_NO,COUNTRY_ID,CITY_ID,REGION_ID,BUILDING_NO,SREET,POST_CODE,NOTE,STATUS,COMERCIAL_REC_NO) values (0,'مسرة طيبة للتجارة الجملة والتجزئة','Masarat Taibah','0539758319','11523055','11523055',null,'310288709200003',1,null,null,null,'المنطقة المركزية',null,null,1,'100000523697');
Insert into ADMIN_COMPANY (COMPANY_ID,NAME_AR,NAME_EN,MOBILE_NO,TEL_NO,FAX,EMAIL,TAX_NO,COUNTRY_ID,CITY_ID,REGION_ID,BUILDING_NO,SREET,POST_CODE,NOTE,STATUS,COMERCIAL_REC_NO) values (1,'رواد التقنية','Tech Pioneers','0539758319','11523055','11523055','imanalhajj@gmail.com','523697005',1,null,null,null,'المنطقة المركزية','TAMM-CPANEL',null,1,'100000523697');
REM INSERTING into ADMIN_ERROR_MSG
SET DEFINE OFF;
Insert into ADMIN_ERROR_MSG (MSG_ID,MSG_TEXT_AR,MSG_TEXT_EN) values (1,'تم تنفيذ العملية بنجاح.','operation executed successfully.');
Insert into ADMIN_ERROR_MSG (MSG_ID,MSG_TEXT_AR,MSG_TEXT_EN) values (2,'عذراً، هناك بعض الاخطاء، يجب اصلاحها ثم اعادة المحاولة.','Please, there is some errors, please fix them and try again.');
Insert into ADMIN_ERROR_MSG (MSG_ID,MSG_TEXT_AR,MSG_TEXT_EN) values (3,'الاسم بالعربية مطلوب.','arabic name is required.');
Insert into ADMIN_ERROR_MSG (MSG_ID,MSG_TEXT_AR,MSG_TEXT_EN) values (4,'الاسم بالإنجليزية مطلوب.','english name is required.');
Insert into ADMIN_ERROR_MSG (MSG_ID,MSG_TEXT_AR,MSG_TEXT_EN) values (5,'اسم الحساب بالعربية مطلوب.','arabic account name is required.');
Insert into ADMIN_ERROR_MSG (MSG_ID,MSG_TEXT_AR,MSG_TEXT_EN) values (6,'كود العملة بالعربي مطلوب.','arabic currency code is required.');
Insert into ADMIN_ERROR_MSG (MSG_ID,MSG_TEXT_AR,MSG_TEXT_EN) values (7,'اسم الوحدة بالعربي مطلوب.','arabic unit name is required.');
Insert into ADMIN_ERROR_MSG (MSG_ID,MSG_TEXT_AR,MSG_TEXT_EN) values (8,'اسم المنتج بالعربي مطلوب.','arabic product name is required.');
Insert into ADMIN_ERROR_MSG (MSG_ID,MSG_TEXT_AR,MSG_TEXT_EN) values (9,'الباركود مطلوب.','barcode is required.');
Insert into ADMIN_ERROR_MSG (MSG_ID,MSG_TEXT_AR,MSG_TEXT_EN) values (10,'يجب تحديد المجموعة الضريبية.','tax group must be selected.');
Insert into ADMIN_ERROR_MSG (MSG_ID,MSG_TEXT_AR,MSG_TEXT_EN) values (11,'قيمة الضريبة مطلوبة.','tax value is required.');
Insert into ADMIN_ERROR_MSG (MSG_ID,MSG_TEXT_AR,MSG_TEXT_EN) values (12,'الوحدة الاساسية مطلوبة.','default unit is required.');
Insert into ADMIN_ERROR_MSG (MSG_ID,MSG_TEXT_AR,MSG_TEXT_EN) values (13,'اسم المدينة بالعربي مطلوب.','arabic city name is required.');
Insert into ADMIN_ERROR_MSG (MSG_ID,MSG_TEXT_AR,MSG_TEXT_EN) values (14,'اسم المنطقة بالعربي مطلوب.','arabic region name is required.');
Insert into ADMIN_ERROR_MSG (MSG_ID,MSG_TEXT_AR,MSG_TEXT_EN) values (15,'تاريخ الفاتورة مطلوب.','invoice date is required.');
Insert into ADMIN_ERROR_MSG (MSG_ID,MSG_TEXT_AR,MSG_TEXT_EN) values (16,'تاريخ فاتورة المورد مطلوب.','provider invoice date is required.');
Insert into ADMIN_ERROR_MSG (MSG_ID,MSG_TEXT_AR,MSG_TEXT_EN) values (17,'تاريخ التوريد مطلوب.','store date is required.');
Insert into ADMIN_ERROR_MSG (MSG_ID,MSG_TEXT_AR,MSG_TEXT_EN) values (18,'تاريخ الصرف المخزني مطلوب.','stockout date is required.');
Insert into ADMIN_ERROR_MSG (MSG_ID,MSG_TEXT_AR,MSG_TEXT_EN) values (19,'يجب تحديد المنتج.','product must be selected.');
Insert into ADMIN_ERROR_MSG (MSG_ID,MSG_TEXT_AR,MSG_TEXT_EN) values (20,'يجب تحديد الوحدة.','unit must be selected.');
Insert into ADMIN_ERROR_MSG (MSG_ID,MSG_TEXT_AR,MSG_TEXT_EN) values (21,'يجب تحديد الدولة.','country must be selected.');
Insert into ADMIN_ERROR_MSG (MSG_ID,MSG_TEXT_AR,MSG_TEXT_EN) values (22,'يجب تحديد المدينة.','city must be selected.');
Insert into ADMIN_ERROR_MSG (MSG_ID,MSG_TEXT_AR,MSG_TEXT_EN) values (23,'يجب تحديد نوع الفاتورة.','invoice type must be selected.');
Insert into ADMIN_ERROR_MSG (MSG_ID,MSG_TEXT_AR,MSG_TEXT_EN) values (24,'يجب تحديد المورد.','provider must be selected.');
Insert into ADMIN_ERROR_MSG (MSG_ID,MSG_TEXT_AR,MSG_TEXT_EN) values (25,'يجب تحديد المخزن.','store must be selected.');
Insert into ADMIN_ERROR_MSG (MSG_ID,MSG_TEXT_AR,MSG_TEXT_EN) values (26,'يجب تحديد الخزنة.','safe must be selected.');
Insert into ADMIN_ERROR_MSG (MSG_ID,MSG_TEXT_AR,MSG_TEXT_EN) values (27,'يجب تحديد مركز التكلفة.','cost center must be selected.');
Insert into ADMIN_ERROR_MSG (MSG_ID,MSG_TEXT_AR,MSG_TEXT_EN) values (28,'يجب تحديد نوع الدفع.','payment type must be selected.');
Insert into ADMIN_ERROR_MSG (MSG_ID,MSG_TEXT_AR,MSG_TEXT_EN) values (35,'تاريخ السند مطلوب.','voucher date is required.');
Insert into ADMIN_ERROR_MSG (MSG_ID,MSG_TEXT_AR,MSG_TEXT_EN) values (30,'المبلغ مطلوب.','amount is required.');
Insert into ADMIN_ERROR_MSG (MSG_ID,MSG_TEXT_AR,MSG_TEXT_EN) values (31,'يجب تحديد الحساب.','account must be selected.');
Insert into ADMIN_ERROR_MSG (MSG_ID,MSG_TEXT_AR,MSG_TEXT_EN) values (32,'يجب ان يكون المدين يساوي الدائن.','debit must match credit.');
Insert into ADMIN_ERROR_MSG (MSG_ID,MSG_TEXT_AR,MSG_TEXT_EN) values (33,'يجب ان يكون مبلغ السند يساوي اجمالي الدائن.','voucher amount must match credit total.');
Insert into ADMIN_ERROR_MSG (MSG_ID,MSG_TEXT_AR,MSG_TEXT_EN) values (34,'يجب ان يكون مبلغ السند يساوي اجمالي المدين.','voucher amount must match debit total.');
Insert into ADMIN_ERROR_MSG (MSG_ID,MSG_TEXT_AR,MSG_TEXT_EN) values (29,'يجب تحديد العميل.','Client must be selected.');
Insert into ADMIN_ERROR_MSG (MSG_ID,MSG_TEXT_AR,MSG_TEXT_EN) values (50,'يجب تحديد الحالة.','Status must be selected.');
Insert into ADMIN_ERROR_MSG (MSG_ID,MSG_TEXT_AR,MSG_TEXT_EN) values (51,'رقم الجوال مطلوب.','mobile no is required.');
Insert into ADMIN_ERROR_MSG (MSG_ID,MSG_TEXT_AR,MSG_TEXT_EN) values (52,'اسم الدور بالعربي مطلوب.','arabic role name is required.');
Insert into ADMIN_ERROR_MSG (MSG_ID,MSG_TEXT_AR,MSG_TEXT_EN) values (53,'اسم الدور بالانجليزي مطلوب.','english role name is required.');
Insert into ADMIN_ERROR_MSG (MSG_ID,MSG_TEXT_AR,MSG_TEXT_EN) values (54,'يجب تحديد الفرع.','branch must be selected.');
Insert into ADMIN_ERROR_MSG (MSG_ID,MSG_TEXT_AR,MSG_TEXT_EN) values (55,'يجب تحديد اسم المخزن.','store name must be selected.');
Insert into ADMIN_ERROR_MSG (MSG_ID,MSG_TEXT_AR,MSG_TEXT_EN) values (56,'يجب تحديداظهار لكل الفروع.','For All Branches must be selected.');
Insert into ADMIN_ERROR_MSG (MSG_ID,MSG_TEXT_AR,MSG_TEXT_EN) values (57,'اسم الصندوق بالعربي مطلوب.','arabic safe name is required.');
Insert into ADMIN_ERROR_MSG (MSG_ID,MSG_TEXT_AR,MSG_TEXT_EN) values (58,'يجب تحديد نوع المستخدم.','user type must be selected.');
Insert into ADMIN_ERROR_MSG (MSG_ID,MSG_TEXT_AR,MSG_TEXT_EN) values (59,'اسم المستخدم مطلوب.','user name is required.');
Insert into ADMIN_ERROR_MSG (MSG_ID,MSG_TEXT_AR,MSG_TEXT_EN) values (60,'يجب تحديد قيمة المجموعة الضريبية.','tax group value must be selected.');
REM INSERTING into ADMIN_INTERFACE_OPR
SET DEFINE OFF;
Insert into ADMIN_INTERFACE_OPR (OPERATION_IF_ID,INTERFACE_ID,OPERATION_ID,STATUS) values (3,2,1457224081827546,1);
Insert into ADMIN_INTERFACE_OPR (OPERATION_IF_ID,INTERFACE_ID,OPERATION_ID,STATUS) values (61,61,1565072663794367,1);
REM INSERTING into ADMIN_LIST
SET DEFINE OFF;
Insert into ADMIN_LIST (LIST_ID,LIST_NAME,LIST_DESC) values (6,'language',null);
Insert into ADMIN_LIST (LIST_ID,LIST_NAME,LIST_DESC) values (7,'journal type',null);
Insert into ADMIN_LIST (LIST_ID,LIST_NAME,LIST_DESC) values (1,'product type',null);
Insert into ADMIN_LIST (LIST_ID,LIST_NAME,LIST_DESC) values (2,'yes no',null);
Insert into ADMIN_LIST (LIST_ID,LIST_NAME,LIST_DESC) values (3,'active_inactive',null);
Insert into ADMIN_LIST (LIST_ID,LIST_NAME,LIST_DESC) values (4,'payment type',null);
Insert into ADMIN_LIST (LIST_ID,LIST_NAME,LIST_DESC) values (5,'invoice type',null);
REM INSERTING into ADMIN_LIST_ITEM
SET DEFINE OFF;
Insert into ADMIN_LIST_ITEM (ITEM_ID,LIST_ID,ITEM_NO,ITEM_DISPLAY_AR,ITEM_DISPLAY_EN,ITEM_NOTE_AR,ITEM_NOTE_EN) values (11,7,4,'فاتورة بيع','Sales Invoice','فاتورة بيع','Sales Invoice');
Insert into ADMIN_LIST_ITEM (ITEM_ID,LIST_ID,ITEM_NO,ITEM_DISPLAY_AR,ITEM_DISPLAY_EN,ITEM_NOTE_AR,ITEM_NOTE_EN) values (12,7,5,'فاتورة مردود بيع','Sales Return Invoice','فاتورة مردود بيع','Sales Return Invoice');
Insert into ADMIN_LIST_ITEM (ITEM_ID,LIST_ID,ITEM_NO,ITEM_DISPLAY_AR,ITEM_DISPLAY_EN,ITEM_NOTE_AR,ITEM_NOTE_EN) values (13,7,6,'فاتورة شراء','Purchase Invoice','فاتورة شراء','Purchase Invoice');
Insert into ADMIN_LIST_ITEM (ITEM_ID,LIST_ID,ITEM_NO,ITEM_DISPLAY_AR,ITEM_DISPLAY_EN,ITEM_NOTE_AR,ITEM_NOTE_EN) values (14,7,7,'فاتورة مردود شراء','Purchase Return Invoice','فاتورة مردود شراء','Purchase Return Invoice');
Insert into ADMIN_LIST_ITEM (ITEM_ID,LIST_ID,ITEM_NO,ITEM_DISPLAY_AR,ITEM_DISPLAY_EN,ITEM_NOTE_AR,ITEM_NOTE_EN) values (15,7,8,'فاتورة تأجير','Rent Invoice','فاتورة تأجير','Rent Invoice');
Insert into ADMIN_LIST_ITEM (ITEM_ID,LIST_ID,ITEM_NO,ITEM_DISPLAY_AR,ITEM_DISPLAY_EN,ITEM_NOTE_AR,ITEM_NOTE_EN) values (16,7,9,'طلب شراء','Purchase Order','طلب شراء','Purchase Order');
Insert into ADMIN_LIST_ITEM (ITEM_ID,LIST_ID,ITEM_NO,ITEM_DISPLAY_AR,ITEM_DISPLAY_EN,ITEM_NOTE_AR,ITEM_NOTE_EN) values (17,7,10,'مخزون اول المدة','First Period Stock','مخزون اول المدة','First Period Stock');
Insert into ADMIN_LIST_ITEM (ITEM_ID,LIST_ID,ITEM_NO,ITEM_DISPLAY_AR,ITEM_DISPLAY_EN,ITEM_NOTE_AR,ITEM_NOTE_EN) values (18,7,11,'امر صرف مخزني','Stockout Order','امر صرف مخزني','Stockout Order');
Insert into ADMIN_LIST_ITEM (ITEM_ID,LIST_ID,ITEM_NO,ITEM_DISPLAY_AR,ITEM_DISPLAY_EN,ITEM_NOTE_AR,ITEM_NOTE_EN) values (19,7,12,'امر توريد مخزني','Stockin Order','امر توريد مخزني','Stockin Order');
Insert into ADMIN_LIST_ITEM (ITEM_ID,LIST_ID,ITEM_NO,ITEM_DISPLAY_AR,ITEM_DISPLAY_EN,ITEM_NOTE_AR,ITEM_NOTE_EN) values (1,1,1,'مخزني','Stock','مخزني','Stock');
Insert into ADMIN_LIST_ITEM (ITEM_ID,LIST_ID,ITEM_NO,ITEM_DISPLAY_AR,ITEM_DISPLAY_EN,ITEM_NOTE_AR,ITEM_NOTE_EN) values (2,1,2,'خدمي','Service','خدمي','Service');
Insert into ADMIN_LIST_ITEM (ITEM_ID,LIST_ID,ITEM_NO,ITEM_DISPLAY_AR,ITEM_DISPLAY_EN,ITEM_NOTE_AR,ITEM_NOTE_EN) values (3,2,1,'نعم','Yes','نعم','Yes');
Insert into ADMIN_LIST_ITEM (ITEM_ID,LIST_ID,ITEM_NO,ITEM_DISPLAY_AR,ITEM_DISPLAY_EN,ITEM_NOTE_AR,ITEM_NOTE_EN) values (4,2,0,'لا','No','لا','No');
Insert into ADMIN_LIST_ITEM (ITEM_ID,LIST_ID,ITEM_NO,ITEM_DISPLAY_AR,ITEM_DISPLAY_EN,ITEM_NOTE_AR,ITEM_NOTE_EN) values (5,3,1,'فعال','Active','فعال','Active');
Insert into ADMIN_LIST_ITEM (ITEM_ID,LIST_ID,ITEM_NO,ITEM_DISPLAY_AR,ITEM_DISPLAY_EN,ITEM_NOTE_AR,ITEM_NOTE_EN) values (6,3,0,'غير فعال','Inactive','غير فعال','Inactive');
Insert into ADMIN_LIST_ITEM (ITEM_ID,LIST_ID,ITEM_NO,ITEM_DISPLAY_AR,ITEM_DISPLAY_EN,ITEM_NOTE_AR,ITEM_NOTE_EN) values (7,4,1,'نقد','Cash','نقد','Cash');
Insert into ADMIN_LIST_ITEM (ITEM_ID,LIST_ID,ITEM_NO,ITEM_DISPLAY_AR,ITEM_DISPLAY_EN,ITEM_NOTE_AR,ITEM_NOTE_EN) values (8,4,2,'شبكة','Network','شبكة','Network');
Insert into ADMIN_LIST_ITEM (ITEM_ID,LIST_ID,ITEM_NO,ITEM_DISPLAY_AR,ITEM_DISPLAY_EN,ITEM_NOTE_AR,ITEM_NOTE_EN) values (9,5,1,'نقد','Cash','نقدية','Cash');
Insert into ADMIN_LIST_ITEM (ITEM_ID,LIST_ID,ITEM_NO,ITEM_DISPLAY_AR,ITEM_DISPLAY_EN,ITEM_NOTE_AR,ITEM_NOTE_EN) values (10,5,2,'آجل','Deferred','آجل','Deferred');
Insert into ADMIN_LIST_ITEM (ITEM_ID,LIST_ID,ITEM_NO,ITEM_DISPLAY_AR,ITEM_DISPLAY_EN,ITEM_NOTE_AR,ITEM_NOTE_EN) values (20,7,1,'قيد يومي عام','Journal Entry','قيد يومي عام','Journal Entry');
REM INSERTING into ADMIN_PWD_HMAC_KEY
SET DEFINE OFF;
REM INSERTING into ADMIN_USER_SESSION
SET DEFINE OFF;
Insert into ADMIN_USER_SESSION (SESSION_ID,USER_ID,COMPANY_ID,CREATED_AT,EXPIRES,TOKEN,USER_PREFERED_LANG,USER_PREFERED_LANG_ID,USERNAME) values (1,null,null,to_timestamp('04-OCT-24 06.41.56.533000000 PM','DD-MON-RR HH.MI.SSXFF AM'),3600,null,null,null,null);
Insert into ADMIN_USER_SESSION (SESSION_ID,USER_ID,COMPANY_ID,CREATED_AT,EXPIRES,TOKEN,USER_PREFERED_LANG,USER_PREFERED_LANG_ID,USERNAME) values (2,null,null,to_timestamp('04-OCT-24 06.42.41.663000000 PM','DD-MON-RR HH.MI.SSXFF AM'),3600,null,null,null,null);
Insert into ADMIN_USER_SESSION (SESSION_ID,USER_ID,COMPANY_ID,CREATED_AT,EXPIRES,TOKEN,USER_PREFERED_LANG,USER_PREFERED_LANG_ID,USERNAME) values (3,null,null,to_timestamp('04-OCT-24 06.43.10.184000000 PM','DD-MON-RR HH.MI.SSXFF AM'),3600,null,null,null,null);
Insert into ADMIN_USER_SESSION (SESSION_ID,USER_ID,COMPANY_ID,CREATED_AT,EXPIRES,TOKEN,USER_PREFERED_LANG,USER_PREFERED_LANG_ID,USERNAME) values (4,null,null,to_timestamp('04-OCT-24 06.43.37.374000000 PM','DD-MON-RR HH.MI.SSXFF AM'),3600,null,null,null,null);
Insert into ADMIN_USER_SESSION (SESSION_ID,USER_ID,COMPANY_ID,CREATED_AT,EXPIRES,TOKEN,USER_PREFERED_LANG,USER_PREFERED_LANG_ID,USERNAME) values (5,null,null,to_timestamp('04-OCT-24 06.46.08.440000000 PM','DD-MON-RR HH.MI.SSXFF AM'),3600,'GDGFDGFDGYET243434FDGFDGFD',null,null,null);
Insert into ADMIN_USER_SESSION (SESSION_ID,USER_ID,COMPANY_ID,CREATED_AT,EXPIRES,TOKEN,USER_PREFERED_LANG,USER_PREFERED_LANG_ID,USERNAME) values (6,null,null,to_timestamp('04-OCT-24 06.49.07.460000000 PM','DD-MON-RR HH.MI.SSXFF AM'),3600,'GDGFDGFDGYET243434FDGFDGFD',null,null,null);
Insert into ADMIN_USER_SESSION (SESSION_ID,USER_ID,COMPANY_ID,CREATED_AT,EXPIRES,TOKEN,USER_PREFERED_LANG,USER_PREFERED_LANG_ID,USERNAME) values (7,null,null,to_timestamp('04-OCT-24 06.50.14.756000000 PM','DD-MON-RR HH.MI.SSXFF AM'),3600,'GDGFDGFDGYET243434FDGFDGFD',null,null,null);
Insert into ADMIN_USER_SESSION (SESSION_ID,USER_ID,COMPANY_ID,CREATED_AT,EXPIRES,TOKEN,USER_PREFERED_LANG,USER_PREFERED_LANG_ID,USERNAME) values (8,null,null,to_timestamp('04-OCT-24 06.50.48.160000000 PM','DD-MON-RR HH.MI.SSXFF AM'),3600,'GDGFDGFDGYET243434FDGFDGFD',null,null,null);
Insert into ADMIN_USER_SESSION (SESSION_ID,USER_ID,COMPANY_ID,CREATED_AT,EXPIRES,TOKEN,USER_PREFERED_LANG,USER_PREFERED_LANG_ID,USERNAME) values (9,null,null,to_timestamp('04-OCT-24 06.52.39.215000000 PM','DD-MON-RR HH.MI.SSXFF AM'),3600,'GDGFDGFDGYET243434FDGFDGFD',null,null,null);
Insert into ADMIN_USER_SESSION (SESSION_ID,USER_ID,COMPANY_ID,CREATED_AT,EXPIRES,TOKEN,USER_PREFERED_LANG,USER_PREFERED_LANG_ID,USERNAME) values (10,1,0,to_timestamp('04-OCT-24 06.54.09.878000000 PM','DD-MON-RR HH.MI.SSXFF AM'),3600,'GDGFDGFDGYET243434FDGFDGFD','en',1,null);
Insert into ADMIN_USER_SESSION (SESSION_ID,USER_ID,COMPANY_ID,CREATED_AT,EXPIRES,TOKEN,USER_PREFERED_LANG,USER_PREFERED_LANG_ID,USERNAME) values (21,1,0,to_timestamp('08-OCT-24 05.22.39.525000000 PM','DD-MON-RR HH.MI.SSXFF AM'),3600,'GDGFDGFDGYET243434FDGFDGFD','en',1,null);
Insert into ADMIN_USER_SESSION (SESSION_ID,USER_ID,COMPANY_ID,CREATED_AT,EXPIRES,TOKEN,USER_PREFERED_LANG,USER_PREFERED_LANG_ID,USERNAME) values (22,1,0,to_timestamp('08-OCT-24 05.22.43.714000000 PM','DD-MON-RR HH.MI.SSXFF AM'),3600,'GDGFDGFDGYET243434FDGFDGFD','en',1,null);
REM INSERTING into API_LOG
SET DEFINE OFF;
Insert into API_LOG (LOG_ID,API) values (26,'purchase_invoice');
Insert into API_LOG (LOG_ID,API) values (27,'purchase_invoice');
Insert into API_LOG (LOG_ID,API) values (41,'purchase_invoice');
Insert into API_LOG (LOG_ID,API) values (42,'purchase_invoice');
Insert into API_LOG (LOG_ID,API) values (24,'purchase_invoice');
Insert into API_LOG (LOG_ID,API) values (25,'purchase_invoice');
REM INSERTING into SALES_CLIENT
SET DEFINE OFF;
Insert into SALES_CLIENT (CLIENT_ID,NAME_AR,NAME_EN,MOBILE_NO,COMPANY_ID,TEL_NO,FAX,EMAIL,TAX_NO,COUNTRY_ID,CITY_ID,REGION_ID,BUILDING_NO,SREET,POST_CODE,NOTE,STATUS,ACCOUNT_ID) values (1,'مسرة طيبة','Masarat Tibah',null,0,null,null,null,'1000012220002',null,null,null,null,null,null,null,null,null);
REM INSERTING into SALES_INV
SET DEFINE OFF;
Insert into SALES_INV (INVOICE_ID,INVOICE_DATE,STORE_DATE,STORE_ID,INVOICE_TYPE,PAYMENT_TYPE,SAFE_ID,COST_CTR_ID,CLIENT_ID,PRE_TAX_TOTAL_AMOUNT,CLIENT_DISCOUNT,TOTAL_DISCOUNT,POST_DISCOUNT_TOTAL_AMOUNT,TOTAL_VAT,TOTAL_QUANTITY,INVOICE_TOTAL_AMOUNT,PAID_CASH_AMOUNT,PAID_BANK_AMOUNT,NOTES,COMPANY_ID,USER_ID,BANK_ACC_ID,PAID_AMOUNT,DEFERRED_AMOUNT,ACC_JOURNAL_ID,INVOICE_NO,BRANCH_ID) values (11,to_timestamp('19-SEP-24 12.00.00.000000000 AM','DD-MON-RR HH.MI.SSXFF AM'),to_timestamp('19-SEP-24 12.00.00.000000000 AM','DD-MON-RR HH.MI.SSXFF AM'),1,1,1,1,1,1,2034.783,null,0,2034.783,305.217,78,2340,2340,0,null,0,1,null,null,null,60,11,1);
Insert into SALES_INV (INVOICE_ID,INVOICE_DATE,STORE_DATE,STORE_ID,INVOICE_TYPE,PAYMENT_TYPE,SAFE_ID,COST_CTR_ID,CLIENT_ID,PRE_TAX_TOTAL_AMOUNT,CLIENT_DISCOUNT,TOTAL_DISCOUNT,POST_DISCOUNT_TOTAL_AMOUNT,TOTAL_VAT,TOTAL_QUANTITY,INVOICE_TOTAL_AMOUNT,PAID_CASH_AMOUNT,PAID_BANK_AMOUNT,NOTES,COMPANY_ID,USER_ID,BANK_ACC_ID,PAID_AMOUNT,DEFERRED_AMOUNT,ACC_JOURNAL_ID,INVOICE_NO,BRANCH_ID) values (21,to_timestamp('19-SEP-24 12.00.00.000000000 AM','DD-MON-RR HH.MI.SSXFF AM'),to_timestamp('19-SEP-24 12.00.00.000000000 AM','DD-MON-RR HH.MI.SSXFF AM'),1,1,1,1,1,1,1304.348,null,0,1304.348,195.652,50,1500,1500,0,null,0,1,null,null,null,61,21,2);
REM INSERTING into SALES_INV_DTL
SET DEFINE OFF;
Insert into SALES_INV_DTL (INVOICE_DTL_ID,INVOICE_ID,PRODUCT_ID,PRODUCT_UNIT_ID,QUANTITY,PRICE,TOTAL_PRICE,DISCOUNT_PERCENTAGE,DISCOUNT_VALUE,POST_DISCOUNT_TOTAL_PRICE,VAT_PERCENTAGE,VAT_VALUE,TOTAL_AMOUNT,PRE_DISCOUNT_VAT_VALUE) values (44,11,3,1,78,26.086956522,2034.782608716,0,0,2034.782608716,15,305.217391307,2340,305.217391307);
Insert into SALES_INV_DTL (INVOICE_DTL_ID,INVOICE_ID,PRODUCT_ID,PRODUCT_UNIT_ID,QUANTITY,PRICE,TOTAL_PRICE,DISCOUNT_PERCENTAGE,DISCOUNT_VALUE,POST_DISCOUNT_TOTAL_PRICE,VAT_PERCENTAGE,VAT_VALUE,TOTAL_AMOUNT,PRE_DISCOUNT_VAT_VALUE) values (45,21,3,1,50,26.086956522,1304.3478261,0,0,1304.3478261,15,195.652173915,1500,195.652173915);
REM INSERTING into SALES_PRODUCT
SET DEFINE OFF;
Insert into SALES_PRODUCT (PRODUCT_ID,PRODUCT_NAME_AR,PRODUCT_NAME_EN,BARCODE,TYPE_ID,TAX_GROUP_ID,TAX_VALUE,DEFAULT_UNIT_ID,PRODUCT_GROUP_ID,PURCHASE_PRICE,SELL_PRICE,PROVIDER_ID,PRODUCT_STATUS,COMPANY_ID,PRODUCT_NO) values (41,'قميص ولادي','T-SHIRT','100',1,1,15,1,1,30,40,1,1,0,1);
Insert into SALES_PRODUCT (PRODUCT_ID,PRODUCT_NAME_AR,PRODUCT_NAME_EN,BARCODE,TYPE_ID,TAX_GROUP_ID,TAX_VALUE,DEFAULT_UNIT_ID,PRODUCT_GROUP_ID,PURCHASE_PRICE,SELL_PRICE,PROVIDER_ID,PRODUCT_STATUS,COMPANY_ID,PRODUCT_NO) values (3,'بناطيل ولادي','Boys Trousers','1',1,1,15,1,1,20,30,1,1,0,2);
REM INSERTING into SALES_PRODUCT_BARCODES
SET DEFINE OFF;
Insert into SALES_PRODUCT_BARCODES (PRODUCT_BARCODE_ID,PRODUCT_ID,BARCODE,COMPANY_ID) values (21,3,'33',0);
Insert into SALES_PRODUCT_BARCODES (PRODUCT_BARCODE_ID,PRODUCT_ID,BARCODE,COMPANY_ID) values (1,3,'22',0);
Insert into SALES_PRODUCT_BARCODES (PRODUCT_BARCODE_ID,PRODUCT_ID,BARCODE,COMPANY_ID) values (3,3,'11',0);
REM INSERTING into SALES_PRODUCT_FILES
SET DEFINE OFF;
Insert into SALES_PRODUCT_FILES (FILE_ID,FILE_PATH,FILE_MIME_TYPE,FILE_SIZE,IS_THUMBNAIL,PRODUCT_ID) values (41,'Logo-saudi-vision-2030-download-free-PNG.png','image/png','922725',null,41);
Insert into SALES_PRODUCT_FILES (FILE_ID,FILE_PATH,FILE_MIME_TYPE,FILE_SIZE,IS_THUMBNAIL,PRODUCT_ID) values (27,'Personal-info.png','image/png','185089',null,3);
REM INSERTING into SALES_PRODUCT_UNIT
SET DEFINE OFF;
Insert into SALES_PRODUCT_UNIT (PRODUCT_UNIT_ID,PRODUCT_ID,UNIT_ID,UNIT_VALUE,PURCHASE_PRICE,SELL_PRICE,BARCODE,COMPANY_ID) values (21,null,null,null,null,null,null,0);
Insert into SALES_PRODUCT_UNIT (PRODUCT_UNIT_ID,PRODUCT_ID,UNIT_ID,UNIT_VALUE,PURCHASE_PRICE,SELL_PRICE,BARCODE,COMPANY_ID) values (1,3,2,12,240,360,null,0);
REM INSERTING into SALES_PROVIDER
SET DEFINE OFF;
Insert into SALES_PROVIDER (PROVIDER_ID,NAME_AR,NAME_EN,MOBILE_NO,COMPANY_ID,TEL_NO,FAX,EMAIL,TAX_NO,COUNTRY_ID,CITY_ID,REGION_ID,BUILDING_NO,SREET,POST_CODE,NOTE,STATUS,ACCOUNT_ID) values (1,'نجمة طابة','Najmat Tabah',null,0,null,null,null,'1000012220002',null,null,null,null,null,null,null,null,201001);
REM INSERTING into SALES_PURCHASE_INV
SET DEFINE OFF;
Insert into SALES_PURCHASE_INV (INVOICE_ID,INVOICE_DATE,STORE_DATE,PROVIDER_INV_DATE,STORE_ID,INVOICE_TYPE,PAYMENT_TYPE,SAFE_ID,COST_CTR_ID,PROVIDER_ID,PROVIDER_INV_ID,PRE_TAX_TOTAL_AMOUNT,CLIENT_DISCOUNT,TOTAL_DISCOUNT,POST_DISCOUNT_TOTAL_AMOUNT,TOTAL_VAT,TOTAL_QUANTITY,INVOICE_TOTAL_AMOUNT,PAID_CASH_AMOUNT,PAID_BANK_AMOUNT,NOTES,COMPANY_ID,USER_ID,BANK_ACC_ID,PAID_AMOUNT,DEFERRED_AMOUNT,ACC_JOURNAL_ID,INVOICE_NO,BRANCH_ID) values (1121,to_timestamp('07-OCT-24 12.00.00.000000000 AM','DD-MON-RR HH.MI.SSXFF AM'),to_timestamp('07-OCT-24 12.00.00.000000000 AM','DD-MON-RR HH.MI.SSXFF AM'),to_timestamp('07-OCT-24 12.00.00.000000000 AM','DD-MON-RR HH.MI.SSXFF AM'),2,1,1,1,1,1,null,null,0,0,17.391304,2.608696,1,20,20,0,null,1,1,null,20,0,null,1146,1);
Insert into SALES_PURCHASE_INV (INVOICE_ID,INVOICE_DATE,STORE_DATE,PROVIDER_INV_DATE,STORE_ID,INVOICE_TYPE,PAYMENT_TYPE,SAFE_ID,COST_CTR_ID,PROVIDER_ID,PROVIDER_INV_ID,PRE_TAX_TOTAL_AMOUNT,CLIENT_DISCOUNT,TOTAL_DISCOUNT,POST_DISCOUNT_TOTAL_AMOUNT,TOTAL_VAT,TOTAL_QUANTITY,INVOICE_TOTAL_AMOUNT,PAID_CASH_AMOUNT,PAID_BANK_AMOUNT,NOTES,COMPANY_ID,USER_ID,BANK_ACC_ID,PAID_AMOUNT,DEFERRED_AMOUNT,ACC_JOURNAL_ID,INVOICE_NO,BRANCH_ID) values (1118,to_timestamp('06-OCT-24 12.00.00.000000000 AM','DD-MON-RR HH.MI.SSXFF AM'),to_timestamp('06-OCT-24 12.00.00.000000000 AM','DD-MON-RR HH.MI.SSXFF AM'),to_timestamp('06-OCT-24 12.00.00.000000000 AM','DD-MON-RR HH.MI.SSXFF AM'),2,1,2,1,1,1,null,null,0,0,104.347825,15.652174,6,120,120,0,null,1,1,1,120,0,null,1147,1);
Insert into SALES_PURCHASE_INV (INVOICE_ID,INVOICE_DATE,STORE_DATE,PROVIDER_INV_DATE,STORE_ID,INVOICE_TYPE,PAYMENT_TYPE,SAFE_ID,COST_CTR_ID,PROVIDER_ID,PROVIDER_INV_ID,PRE_TAX_TOTAL_AMOUNT,CLIENT_DISCOUNT,TOTAL_DISCOUNT,POST_DISCOUNT_TOTAL_AMOUNT,TOTAL_VAT,TOTAL_QUANTITY,INVOICE_TOTAL_AMOUNT,PAID_CASH_AMOUNT,PAID_BANK_AMOUNT,NOTES,COMPANY_ID,USER_ID,BANK_ACC_ID,PAID_AMOUNT,DEFERRED_AMOUNT,ACC_JOURNAL_ID,INVOICE_NO,BRANCH_ID) values (121,to_timestamp('08-OCT-24 12.00.00.000000000 AM','DD-MON-RR HH.MI.SSXFF AM'),to_timestamp('08-OCT-24 12.00.00.000000000 AM','DD-MON-RR HH.MI.SSXFF AM'),to_timestamp('08-OCT-24 12.00.00.000000000 AM','DD-MON-RR HH.MI.SSXFF AM'),2,1,1,1,1,1,null,null,0,0,43.478261,6.521739,2,50,50,0,null,1,1,null,50,0,null,121,2);
Insert into SALES_PURCHASE_INV (INVOICE_ID,INVOICE_DATE,STORE_DATE,PROVIDER_INV_DATE,STORE_ID,INVOICE_TYPE,PAYMENT_TYPE,SAFE_ID,COST_CTR_ID,PROVIDER_ID,PROVIDER_INV_ID,PRE_TAX_TOTAL_AMOUNT,CLIENT_DISCOUNT,TOTAL_DISCOUNT,POST_DISCOUNT_TOTAL_AMOUNT,TOTAL_VAT,TOTAL_QUANTITY,INVOICE_TOTAL_AMOUNT,PAID_CASH_AMOUNT,PAID_BANK_AMOUNT,NOTES,COMPANY_ID,USER_ID,BANK_ACC_ID,PAID_AMOUNT,DEFERRED_AMOUNT,ACC_JOURNAL_ID,INVOICE_NO,BRANCH_ID) values (122,to_timestamp('08-OCT-24 12.00.00.000000000 AM','DD-MON-RR HH.MI.SSXFF AM'),to_timestamp('08-OCT-24 12.00.00.000000000 AM','DD-MON-RR HH.MI.SSXFF AM'),to_timestamp('08-OCT-24 12.00.00.000000000 AM','DD-MON-RR HH.MI.SSXFF AM'),2,1,1,1,1,1,null,null,0,0,95.652172,14.347826,10,110,110,0,null,1,1,null,110,0,null,123,2);
Insert into SALES_PURCHASE_INV (INVOICE_ID,INVOICE_DATE,STORE_DATE,PROVIDER_INV_DATE,STORE_ID,INVOICE_TYPE,PAYMENT_TYPE,SAFE_ID,COST_CTR_ID,PROVIDER_ID,PROVIDER_INV_ID,PRE_TAX_TOTAL_AMOUNT,CLIENT_DISCOUNT,TOTAL_DISCOUNT,POST_DISCOUNT_TOTAL_AMOUNT,TOTAL_VAT,TOTAL_QUANTITY,INVOICE_TOTAL_AMOUNT,PAID_CASH_AMOUNT,PAID_BANK_AMOUNT,NOTES,COMPANY_ID,USER_ID,BANK_ACC_ID,PAID_AMOUNT,DEFERRED_AMOUNT,ACC_JOURNAL_ID,INVOICE_NO,BRANCH_ID) values (21,to_timestamp('08-OCT-24 12.00.00.000000000 AM','DD-MON-RR HH.MI.SSXFF AM'),to_timestamp('08-OCT-24 12.00.00.000000000 AM','DD-MON-RR HH.MI.SSXFF AM'),to_timestamp('08-OCT-24 12.00.00.000000000 AM','DD-MON-RR HH.MI.SSXFF AM'),2,1,1,1,1,1,null,null,0,0,147.826085,22.173913,8,170,170,0,null,0,1,null,170,0,null,21,2);
Insert into SALES_PURCHASE_INV (INVOICE_ID,INVOICE_DATE,STORE_DATE,PROVIDER_INV_DATE,STORE_ID,INVOICE_TYPE,PAYMENT_TYPE,SAFE_ID,COST_CTR_ID,PROVIDER_ID,PROVIDER_INV_ID,PRE_TAX_TOTAL_AMOUNT,CLIENT_DISCOUNT,TOTAL_DISCOUNT,POST_DISCOUNT_TOTAL_AMOUNT,TOTAL_VAT,TOTAL_QUANTITY,INVOICE_TOTAL_AMOUNT,PAID_CASH_AMOUNT,PAID_BANK_AMOUNT,NOTES,COMPANY_ID,USER_ID,BANK_ACC_ID,PAID_AMOUNT,DEFERRED_AMOUNT,ACC_JOURNAL_ID,INVOICE_NO,BRANCH_ID) values (1110,to_timestamp('03-OCT-24 12.00.00.000000000 AM','DD-MON-RR HH.MI.SSXFF AM'),to_timestamp('03-OCT-24 12.00.00.000000000 AM','DD-MON-RR HH.MI.SSXFF AM'),to_timestamp('03-OCT-24 12.00.00.000000000 AM','DD-MON-RR HH.MI.SSXFF AM'),2,1,2,1,1,1,'0',null,0,0,17.391304,2.608696,1,20,20,0,'0',1,1,1,20,0,null,1133,1);
Insert into SALES_PURCHASE_INV (INVOICE_ID,INVOICE_DATE,STORE_DATE,PROVIDER_INV_DATE,STORE_ID,INVOICE_TYPE,PAYMENT_TYPE,SAFE_ID,COST_CTR_ID,PROVIDER_ID,PROVIDER_INV_ID,PRE_TAX_TOTAL_AMOUNT,CLIENT_DISCOUNT,TOTAL_DISCOUNT,POST_DISCOUNT_TOTAL_AMOUNT,TOTAL_VAT,TOTAL_QUANTITY,INVOICE_TOTAL_AMOUNT,PAID_CASH_AMOUNT,PAID_BANK_AMOUNT,NOTES,COMPANY_ID,USER_ID,BANK_ACC_ID,PAID_AMOUNT,DEFERRED_AMOUNT,ACC_JOURNAL_ID,INVOICE_NO,BRANCH_ID) values (1111,to_timestamp('03-OCT-24 12.00.00.000000000 AM','DD-MON-RR HH.MI.SSXFF AM'),to_timestamp('03-OCT-24 12.00.00.000000000 AM','DD-MON-RR HH.MI.SSXFF AM'),to_timestamp('03-OCT-24 12.00.00.000000000 AM','DD-MON-RR HH.MI.SSXFF AM'),2,1,2,1,1,1,'0',null,0,0,17.391304,2.608696,1,20,20,0,'0',1,1,1,20,0,null,1138,1);
Insert into SALES_PURCHASE_INV (INVOICE_ID,INVOICE_DATE,STORE_DATE,PROVIDER_INV_DATE,STORE_ID,INVOICE_TYPE,PAYMENT_TYPE,SAFE_ID,COST_CTR_ID,PROVIDER_ID,PROVIDER_INV_ID,PRE_TAX_TOTAL_AMOUNT,CLIENT_DISCOUNT,TOTAL_DISCOUNT,POST_DISCOUNT_TOTAL_AMOUNT,TOTAL_VAT,TOTAL_QUANTITY,INVOICE_TOTAL_AMOUNT,PAID_CASH_AMOUNT,PAID_BANK_AMOUNT,NOTES,COMPANY_ID,USER_ID,BANK_ACC_ID,PAID_AMOUNT,DEFERRED_AMOUNT,ACC_JOURNAL_ID,INVOICE_NO,BRANCH_ID) values (1112,to_timestamp('03-OCT-24 12.00.00.000000000 AM','DD-MON-RR HH.MI.SSXFF AM'),to_timestamp('03-OCT-24 12.00.00.000000000 AM','DD-MON-RR HH.MI.SSXFF AM'),to_timestamp('03-OCT-24 12.00.00.000000000 AM','DD-MON-RR HH.MI.SSXFF AM'),2,1,2,1,1,1,'0',null,0,0,17.391304,2.608696,1,20,20,0,'0',1,1,1,20,0,null,1112,1);
Insert into SALES_PURCHASE_INV (INVOICE_ID,INVOICE_DATE,STORE_DATE,PROVIDER_INV_DATE,STORE_ID,INVOICE_TYPE,PAYMENT_TYPE,SAFE_ID,COST_CTR_ID,PROVIDER_ID,PROVIDER_INV_ID,PRE_TAX_TOTAL_AMOUNT,CLIENT_DISCOUNT,TOTAL_DISCOUNT,POST_DISCOUNT_TOTAL_AMOUNT,TOTAL_VAT,TOTAL_QUANTITY,INVOICE_TOTAL_AMOUNT,PAID_CASH_AMOUNT,PAID_BANK_AMOUNT,NOTES,COMPANY_ID,USER_ID,BANK_ACC_ID,PAID_AMOUNT,DEFERRED_AMOUNT,ACC_JOURNAL_ID,INVOICE_NO,BRANCH_ID) values (1113,to_timestamp('03-OCT-24 12.00.00.000000000 AM','DD-MON-RR HH.MI.SSXFF AM'),to_timestamp('03-OCT-24 12.00.00.000000000 AM','DD-MON-RR HH.MI.SSXFF AM'),to_timestamp('03-OCT-24 12.00.00.000000000 AM','DD-MON-RR HH.MI.SSXFF AM'),2,1,2,1,1,1,'0',null,0,0,17.391304,2.608696,1,20,20,0,'0',1,1,1,20,0,null,1142,1);
Insert into SALES_PURCHASE_INV (INVOICE_ID,INVOICE_DATE,STORE_DATE,PROVIDER_INV_DATE,STORE_ID,INVOICE_TYPE,PAYMENT_TYPE,SAFE_ID,COST_CTR_ID,PROVIDER_ID,PROVIDER_INV_ID,PRE_TAX_TOTAL_AMOUNT,CLIENT_DISCOUNT,TOTAL_DISCOUNT,POST_DISCOUNT_TOTAL_AMOUNT,TOTAL_VAT,TOTAL_QUANTITY,INVOICE_TOTAL_AMOUNT,PAID_CASH_AMOUNT,PAID_BANK_AMOUNT,NOTES,COMPANY_ID,USER_ID,BANK_ACC_ID,PAID_AMOUNT,DEFERRED_AMOUNT,ACC_JOURNAL_ID,INVOICE_NO,BRANCH_ID) values (1119,to_timestamp('06-OCT-24 12.00.00.000000000 AM','DD-MON-RR HH.MI.SSXFF AM'),to_timestamp('06-OCT-24 12.00.00.000000000 AM','DD-MON-RR HH.MI.SSXFF AM'),to_timestamp('06-OCT-24 12.00.00.000000000 AM','DD-MON-RR HH.MI.SSXFF AM'),2,1,2,1,1,1,null,null,0,0,78.260869,11.73913,4,90,90,0,null,1,1,1,90,0,null,1119,1);
Insert into SALES_PURCHASE_INV (INVOICE_ID,INVOICE_DATE,STORE_DATE,PROVIDER_INV_DATE,STORE_ID,INVOICE_TYPE,PAYMENT_TYPE,SAFE_ID,COST_CTR_ID,PROVIDER_ID,PROVIDER_INV_ID,PRE_TAX_TOTAL_AMOUNT,CLIENT_DISCOUNT,TOTAL_DISCOUNT,POST_DISCOUNT_TOTAL_AMOUNT,TOTAL_VAT,TOTAL_QUANTITY,INVOICE_TOTAL_AMOUNT,PAID_CASH_AMOUNT,PAID_BANK_AMOUNT,NOTES,COMPANY_ID,USER_ID,BANK_ACC_ID,PAID_AMOUNT,DEFERRED_AMOUNT,ACC_JOURNAL_ID,INVOICE_NO,BRANCH_ID) values (1120,to_timestamp('06-OCT-24 12.00.00.000000000 AM','DD-MON-RR HH.MI.SSXFF AM'),to_timestamp('06-OCT-24 12.00.00.000000000 AM','DD-MON-RR HH.MI.SSXFF AM'),to_timestamp('06-OCT-24 12.00.00.000000000 AM','DD-MON-RR HH.MI.SSXFF AM'),2,1,2,1,1,1,null,null,0,0,69.565216,10.434783,4,80,80,0,null,1,1,1,80,0,null,1136,1);
REM INSERTING into SALES_PURCHASE_INV_DTL
SET DEFINE OFF;
Insert into SALES_PURCHASE_INV_DTL (DTL_ID,INVOICE_ID,PRODUCT_ID,PRODUCT_UNIT_ID,QUANTITY,PRICE,TOTAL_PRICE,DISCOUNT_PERCENTAGE,DISCOUNT_VALUE,POST_DISCOUNT_TOTAL_PRICE,VAT_PERCENTAGE,VAT_VALUE,TOTAL_AMOUNT,PRE_DISCOUNT_VAT_VALUE) values (308,1121,3,1,1,17.391304,17.391304348,0,0,17.391304348,15,2.608695652,20,null);
Insert into SALES_PURCHASE_INV_DTL (DTL_ID,INVOICE_ID,PRODUCT_ID,PRODUCT_UNIT_ID,QUANTITY,PRICE,TOTAL_PRICE,DISCOUNT_PERCENTAGE,DISCOUNT_VALUE,POST_DISCOUNT_TOTAL_PRICE,VAT_PERCENTAGE,VAT_VALUE,TOTAL_AMOUNT,PRE_DISCOUNT_VAT_VALUE) values (170,1118,3,1,1,17.391304,17.391304348,0,0,17.391304348,15,2.608695652,20,null);
Insert into SALES_PURCHASE_INV_DTL (DTL_ID,INVOICE_ID,PRODUCT_ID,PRODUCT_UNIT_ID,QUANTITY,PRICE,TOTAL_PRICE,DISCOUNT_PERCENTAGE,DISCOUNT_VALUE,POST_DISCOUNT_TOTAL_PRICE,VAT_PERCENTAGE,VAT_VALUE,TOTAL_AMOUNT,PRE_DISCOUNT_VAT_VALUE) values (171,1118,3,1,1,17.391304,17.391304348,0,0,17.391304348,15,2.608695652,20,null);
Insert into SALES_PURCHASE_INV_DTL (DTL_ID,INVOICE_ID,PRODUCT_ID,PRODUCT_UNIT_ID,QUANTITY,PRICE,TOTAL_PRICE,DISCOUNT_PERCENTAGE,DISCOUNT_VALUE,POST_DISCOUNT_TOTAL_PRICE,VAT_PERCENTAGE,VAT_VALUE,TOTAL_AMOUNT,PRE_DISCOUNT_VAT_VALUE) values (300,1118,3,1,1,17.391304,17.391304348,0,0,17.391304348,15,2.608695652,20,null);
Insert into SALES_PURCHASE_INV_DTL (DTL_ID,INVOICE_ID,PRODUCT_ID,PRODUCT_UNIT_ID,QUANTITY,PRICE,TOTAL_PRICE,DISCOUNT_PERCENTAGE,DISCOUNT_VALUE,POST_DISCOUNT_TOTAL_PRICE,VAT_PERCENTAGE,VAT_VALUE,TOTAL_AMOUNT,PRE_DISCOUNT_VAT_VALUE) values (301,1118,3,1,3,17.391304,52.173912,0,0,52.173912,15,7.826087,60,null);
Insert into SALES_PURCHASE_INV_DTL (DTL_ID,INVOICE_ID,PRODUCT_ID,PRODUCT_UNIT_ID,QUANTITY,PRICE,TOTAL_PRICE,DISCOUNT_PERCENTAGE,DISCOUNT_VALUE,POST_DISCOUNT_TOTAL_PRICE,VAT_PERCENTAGE,VAT_VALUE,TOTAL_AMOUNT,PRE_DISCOUNT_VAT_VALUE) values (311,121,3,1,1,17.391304,17.391304348,0,0,17.391304348,15,2.608695652,20,null);
Insert into SALES_PURCHASE_INV_DTL (DTL_ID,INVOICE_ID,PRODUCT_ID,PRODUCT_UNIT_ID,QUANTITY,PRICE,TOTAL_PRICE,DISCOUNT_PERCENTAGE,DISCOUNT_VALUE,POST_DISCOUNT_TOTAL_PRICE,VAT_PERCENTAGE,VAT_VALUE,TOTAL_AMOUNT,PRE_DISCOUNT_VAT_VALUE) values (312,121,41,1,1,26.086956,26.086956522,0,0,26.086956522,15,3.913043478,30,null);
Insert into SALES_PURCHASE_INV_DTL (DTL_ID,INVOICE_ID,PRODUCT_ID,PRODUCT_UNIT_ID,QUANTITY,PRICE,TOTAL_PRICE,DISCOUNT_PERCENTAGE,DISCOUNT_VALUE,POST_DISCOUNT_TOTAL_PRICE,VAT_PERCENTAGE,VAT_VALUE,TOTAL_AMOUNT,PRE_DISCOUNT_VAT_VALUE) values (313,122,3,1,3,17.391304,52.173912,0,0,52.173912,15,7.826087,60,null);
Insert into SALES_PURCHASE_INV_DTL (DTL_ID,INVOICE_ID,PRODUCT_ID,PRODUCT_UNIT_ID,QUANTITY,PRICE,TOTAL_PRICE,DISCOUNT_PERCENTAGE,DISCOUNT_VALUE,POST_DISCOUNT_TOTAL_PRICE,VAT_PERCENTAGE,VAT_VALUE,TOTAL_AMOUNT,PRE_DISCOUNT_VAT_VALUE) values (314,122,41,1,1,26.086956,26.086956,0,0,26.086956,15,3.9130435,30,null);
Insert into SALES_PURCHASE_INV_DTL (DTL_ID,INVOICE_ID,PRODUCT_ID,PRODUCT_UNIT_ID,QUANTITY,PRICE,TOTAL_PRICE,DISCOUNT_PERCENTAGE,DISCOUNT_VALUE,POST_DISCOUNT_TOTAL_PRICE,VAT_PERCENTAGE,VAT_VALUE,TOTAL_AMOUNT,PRE_DISCOUNT_VAT_VALUE) values (315,122,3,1,6,17.391304,17.391304348,0,0,17.391304348,15,2.608695652,20,null);
Insert into SALES_PURCHASE_INV_DTL (DTL_ID,INVOICE_ID,PRODUCT_ID,PRODUCT_UNIT_ID,QUANTITY,PRICE,TOTAL_PRICE,DISCOUNT_PERCENTAGE,DISCOUNT_VALUE,POST_DISCOUNT_TOTAL_PRICE,VAT_PERCENTAGE,VAT_VALUE,TOTAL_AMOUNT,PRE_DISCOUNT_VAT_VALUE) values (319,21,41,1,1,26.086956,26.086956522,0,0,26.086956522,15,3.913043478,30,null);
Insert into SALES_PURCHASE_INV_DTL (DTL_ID,INVOICE_ID,PRODUCT_ID,PRODUCT_UNIT_ID,QUANTITY,PRICE,TOTAL_PRICE,DISCOUNT_PERCENTAGE,DISCOUNT_VALUE,POST_DISCOUNT_TOTAL_PRICE,VAT_PERCENTAGE,VAT_VALUE,TOTAL_AMOUNT,PRE_DISCOUNT_VAT_VALUE) values (320,21,3,1,1,17.391304,17.391304348,0,0,17.391304348,15,2.608695652,20,null);
Insert into SALES_PURCHASE_INV_DTL (DTL_ID,INVOICE_ID,PRODUCT_ID,PRODUCT_UNIT_ID,QUANTITY,PRICE,TOTAL_PRICE,DISCOUNT_PERCENTAGE,DISCOUNT_VALUE,POST_DISCOUNT_TOTAL_PRICE,VAT_PERCENTAGE,VAT_VALUE,TOTAL_AMOUNT,PRE_DISCOUNT_VAT_VALUE) values (318,21,3,1,6,17.391304,104.347824,0,0,104.347824,15,15.652174,120,null);
Insert into SALES_PURCHASE_INV_DTL (DTL_ID,INVOICE_ID,PRODUCT_ID,PRODUCT_UNIT_ID,QUANTITY,PRICE,TOTAL_PRICE,DISCOUNT_PERCENTAGE,DISCOUNT_VALUE,POST_DISCOUNT_TOTAL_PRICE,VAT_PERCENTAGE,VAT_VALUE,TOTAL_AMOUNT,PRE_DISCOUNT_VAT_VALUE) values (157,1110,3,1,1,17.391304,17.391304348,0,0,17.391304348,15,2.608695652,20,null);
Insert into SALES_PURCHASE_INV_DTL (DTL_ID,INVOICE_ID,PRODUCT_ID,PRODUCT_UNIT_ID,QUANTITY,PRICE,TOTAL_PRICE,DISCOUNT_PERCENTAGE,DISCOUNT_VALUE,POST_DISCOUNT_TOTAL_PRICE,VAT_PERCENTAGE,VAT_VALUE,TOTAL_AMOUNT,PRE_DISCOUNT_VAT_VALUE) values (158,1111,3,1,1,17.391304,17.391304348,0,0,17.391304348,15,2.608695652,20,null);
Insert into SALES_PURCHASE_INV_DTL (DTL_ID,INVOICE_ID,PRODUCT_ID,PRODUCT_UNIT_ID,QUANTITY,PRICE,TOTAL_PRICE,DISCOUNT_PERCENTAGE,DISCOUNT_VALUE,POST_DISCOUNT_TOTAL_PRICE,VAT_PERCENTAGE,VAT_VALUE,TOTAL_AMOUNT,PRE_DISCOUNT_VAT_VALUE) values (159,1112,3,1,1,17.391304348,17.391304348,0,0,17.391304348,15,2.608695652,20,null);
Insert into SALES_PURCHASE_INV_DTL (DTL_ID,INVOICE_ID,PRODUCT_ID,PRODUCT_UNIT_ID,QUANTITY,PRICE,TOTAL_PRICE,DISCOUNT_PERCENTAGE,DISCOUNT_VALUE,POST_DISCOUNT_TOTAL_PRICE,VAT_PERCENTAGE,VAT_VALUE,TOTAL_AMOUNT,PRE_DISCOUNT_VAT_VALUE) values (160,1113,3,1,1,17.391304,17.391304348,0,0,17.391304348,15,2.608695652,20,null);
Insert into SALES_PURCHASE_INV_DTL (DTL_ID,INVOICE_ID,PRODUCT_ID,PRODUCT_UNIT_ID,QUANTITY,PRICE,TOTAL_PRICE,DISCOUNT_PERCENTAGE,DISCOUNT_VALUE,POST_DISCOUNT_TOTAL_PRICE,VAT_PERCENTAGE,VAT_VALUE,TOTAL_AMOUNT,PRE_DISCOUNT_VAT_VALUE) values (184,1119,3,1,3,17.391304348,52.173912,0,0,52.173912,15,7.826087,60,null);
Insert into SALES_PURCHASE_INV_DTL (DTL_ID,INVOICE_ID,PRODUCT_ID,PRODUCT_UNIT_ID,QUANTITY,PRICE,TOTAL_PRICE,DISCOUNT_PERCENTAGE,DISCOUNT_VALUE,POST_DISCOUNT_TOTAL_PRICE,VAT_PERCENTAGE,VAT_VALUE,TOTAL_AMOUNT,PRE_DISCOUNT_VAT_VALUE) values (185,1119,41,1,1,26.086956522,26.086956522,0,0,26.086956522,15,3.913043478,30,null);
Insert into SALES_PURCHASE_INV_DTL (DTL_ID,INVOICE_ID,PRODUCT_ID,PRODUCT_UNIT_ID,QUANTITY,PRICE,TOTAL_PRICE,DISCOUNT_PERCENTAGE,DISCOUNT_VALUE,POST_DISCOUNT_TOTAL_PRICE,VAT_PERCENTAGE,VAT_VALUE,TOTAL_AMOUNT,PRE_DISCOUNT_VAT_VALUE) values (186,1120,3,1,3,17.391304,52.173912,0,0,52.173912,15,7.826087,60,null);
Insert into SALES_PURCHASE_INV_DTL (DTL_ID,INVOICE_ID,PRODUCT_ID,PRODUCT_UNIT_ID,QUANTITY,PRICE,TOTAL_PRICE,DISCOUNT_PERCENTAGE,DISCOUNT_VALUE,POST_DISCOUNT_TOTAL_PRICE,VAT_PERCENTAGE,VAT_VALUE,TOTAL_AMOUNT,PRE_DISCOUNT_VAT_VALUE) values (187,1120,3,1,1,17.391304,17.391304348,0,0,17.391304348,15,2.608695652,20,null);
REM INSERTING into SALES_PURCHASE_ORDER
SET DEFINE OFF;
Insert into SALES_PURCHASE_ORDER (ORDER_ID,ORDER_DATE,STORE_DATE,PROVIDER_INV_DATE,STORE_ID,INVOICE_TYPE,PAYMENT_TYPE,SAFE_ID,COST_CTR_ID,PROVIDER_ID,PROVIDER_INV_ID,PRE_TAX_TOTAL_AMOUNT,CLIENT_DISCOUNT,TOTAL_DISCOUNT,POST_DISCOUNT_TOTAL_AMOUNT,TOTAL_VAT,TOTAL_QUANTITY,INVOICE_TOTAL_AMOUNT,PAID_CASH_AMOUNT,PAID_BANK_AMOUNT,NOTES,COMPANY_ID,USER_ID,BANK_ACC_ID,PAID_AMOUNT,DEFERRED_AMOUNT,ACC_JOURNAL_ID,ORDER_NO,BRANCH_ID) values (1,to_timestamp('27-JUL-24 12.00.00.000000000 AM','DD-MON-RR HH.MI.SSXFF AM'),to_timestamp('09-JUL-24 12.00.00.000000000 AM','DD-MON-RR HH.MI.SSXFF AM'),to_timestamp('02-JUL-24 12.00.00.000000000 AM','DD-MON-RR HH.MI.SSXFF AM'),1,1,1,1,1,1,null,26.087,null,0,26.087,3.913,1,30,30,0,null,0,1,1,null,null,null,1,null);
Insert into SALES_PURCHASE_ORDER (ORDER_ID,ORDER_DATE,STORE_DATE,PROVIDER_INV_DATE,STORE_ID,INVOICE_TYPE,PAYMENT_TYPE,SAFE_ID,COST_CTR_ID,PROVIDER_ID,PROVIDER_INV_ID,PRE_TAX_TOTAL_AMOUNT,CLIENT_DISCOUNT,TOTAL_DISCOUNT,POST_DISCOUNT_TOTAL_AMOUNT,TOTAL_VAT,TOTAL_QUANTITY,INVOICE_TOTAL_AMOUNT,PAID_CASH_AMOUNT,PAID_BANK_AMOUNT,NOTES,COMPANY_ID,USER_ID,BANK_ACC_ID,PAID_AMOUNT,DEFERRED_AMOUNT,ACC_JOURNAL_ID,ORDER_NO,BRANCH_ID) values (11,to_timestamp('19-SEP-24 12.00.00.000000000 AM','DD-MON-RR HH.MI.SSXFF AM'),to_timestamp('19-SEP-24 12.00.00.000000000 AM','DD-MON-RR HH.MI.SSXFF AM'),to_timestamp('19-SEP-24 12.00.00.000000000 AM','DD-MON-RR HH.MI.SSXFF AM'),1,1,1,1,1,1,null,973.913,null,0,973.913,146.087,56,1120,1120,0,null,0,1,1,null,null,null,11,1);
REM INSERTING into SALES_PURCHASE_ORDER_DTL
SET DEFINE OFF;
Insert into SALES_PURCHASE_ORDER_DTL (DTL_ID,ORDER_ID,PRODUCT_ID,PRODUCT_UNIT_ID,QUANTITY,PRICE,TOTAL_PRICE,DISCOUNT_PERCENTAGE,DISCOUNT_VALUE,POST_DISCOUNT_TOTAL_PRICE,VAT_PERCENTAGE,VAT_VALUE,TOTAL_AMOUNT,PRE_DISCOUNT_VAT_VALUE) values (1,1,41,1,1,26.086956522,26.086956522,0,0,26.086956522,15,3.913043478,30,3.913043478);
Insert into SALES_PURCHASE_ORDER_DTL (DTL_ID,ORDER_ID,PRODUCT_ID,PRODUCT_UNIT_ID,QUANTITY,PRICE,TOTAL_PRICE,DISCOUNT_PERCENTAGE,DISCOUNT_VALUE,POST_DISCOUNT_TOTAL_PRICE,VAT_PERCENTAGE,VAT_VALUE,TOTAL_AMOUNT,PRE_DISCOUNT_VAT_VALUE) values (21,11,3,1,56,17.391304348,973.913043488,0,0,973.913043488,15,146.086956523,1120,146.086956523);
REM INSERTING into SALES_PUR_RETURN_INV
SET DEFINE OFF;
Insert into SALES_PUR_RETURN_INV (INVOICE_ID,PURCHASE_INV_ID,INVOICE_DATE,STORE_DATE,PROVIDER_INV_DATE,STORE_ID,INVOICE_TYPE,PAYMENT_TYPE,SAFE_ID,COST_CTR_ID,PROVIDER_ID,PROVIDER_INV_ID,PRE_TAX_TOTAL_AMOUNT,CLIENT_DISCOUNT,TOTAL_DISCOUNT,POST_DISCOUNT_TOTAL_AMOUNT,TOTAL_VAT,TOTAL_QUANTITY,INVOICE_TOTAL_AMOUNT,PAID_CASH_AMOUNT,PAID_BANK_AMOUNT,NOTES,COMPANY_ID,USER_ID,BANK_ACC_ID,PAID_AMOUNT,DEFERRED_AMOUNT,ACC_JOURNAL_ID,INVOICE_NO,BRANCH_ID) values (1,null,to_timestamp('10-JUL-24 02.15.00.000000000 PM','DD-MON-RR HH.MI.SSXFF AM'),to_timestamp('10-JUL-24 12.00.00.000000000 AM','DD-MON-RR HH.MI.SSXFF AM'),to_timestamp('10-JUL-24 12.00.00.000000000 AM','DD-MON-RR HH.MI.SSXFF AM'),1,2,2,1,1,1,null,52.174,5,0,52.174,7.826,2,60,0,3,null,0,1,1,3,42,30,2,1);
Insert into SALES_PUR_RETURN_INV (INVOICE_ID,PURCHASE_INV_ID,INVOICE_DATE,STORE_DATE,PROVIDER_INV_DATE,STORE_ID,INVOICE_TYPE,PAYMENT_TYPE,SAFE_ID,COST_CTR_ID,PROVIDER_ID,PROVIDER_INV_ID,PRE_TAX_TOTAL_AMOUNT,CLIENT_DISCOUNT,TOTAL_DISCOUNT,POST_DISCOUNT_TOTAL_AMOUNT,TOTAL_VAT,TOTAL_QUANTITY,INVOICE_TOTAL_AMOUNT,PAID_CASH_AMOUNT,PAID_BANK_AMOUNT,NOTES,COMPANY_ID,USER_ID,BANK_ACC_ID,PAID_AMOUNT,DEFERRED_AMOUNT,ACC_JOURNAL_ID,INVOICE_NO,BRANCH_ID) values (2,null,to_timestamp('14-JUL-24 03.30.00.000000000 PM','DD-MON-RR HH.MI.SSXFF AM'),to_timestamp('10-JUL-24 12.00.00.000000000 AM','DD-MON-RR HH.MI.SSXFF AM'),to_timestamp('10-JUL-24 12.00.00.000000000 AM','DD-MON-RR HH.MI.SSXFF AM'),1,1,1,1,1,1,null,43.478,null,0,43.478,6.522,2,50,160,0,null,0,1,1,null,null,29,1,1);
Insert into SALES_PUR_RETURN_INV (INVOICE_ID,PURCHASE_INV_ID,INVOICE_DATE,STORE_DATE,PROVIDER_INV_DATE,STORE_ID,INVOICE_TYPE,PAYMENT_TYPE,SAFE_ID,COST_CTR_ID,PROVIDER_ID,PROVIDER_INV_ID,PRE_TAX_TOTAL_AMOUNT,CLIENT_DISCOUNT,TOTAL_DISCOUNT,POST_DISCOUNT_TOTAL_AMOUNT,TOTAL_VAT,TOTAL_QUANTITY,INVOICE_TOTAL_AMOUNT,PAID_CASH_AMOUNT,PAID_BANK_AMOUNT,NOTES,COMPANY_ID,USER_ID,BANK_ACC_ID,PAID_AMOUNT,DEFERRED_AMOUNT,ACC_JOURNAL_ID,INVOICE_NO,BRANCH_ID) values (21,null,to_timestamp('19-SEP-24 12.00.00.000000000 AM','DD-MON-RR HH.MI.SSXFF AM'),to_timestamp('19-SEP-24 12.00.00.000000000 AM','DD-MON-RR HH.MI.SSXFF AM'),to_timestamp('19-SEP-24 12.00.00.000000000 AM','DD-MON-RR HH.MI.SSXFF AM'),1,1,1,1,1,1,null,869.565,null,0,869.565,130.435,50,1000,1000,0,null,0,1,1,null,null,64,21,2);
REM INSERTING into SALES_PUR_RETURN_INV_DTL
SET DEFINE OFF;
Insert into SALES_PUR_RETURN_INV_DTL (DTL_ID,INVOICE_ID,PRODUCT_ID,PRODUCT_UNIT_ID,QUANTITY,PRICE,TOTAL_PRICE,DISCOUNT_PERCENTAGE,DISCOUNT_VALUE,POST_DISCOUNT_TOTAL_PRICE,VAT_PERCENTAGE,VAT_VALUE,TOTAL_AMOUNT,PRE_DISCOUNT_VAT_VALUE) values (5,1,41,1,1,26.086956522,26.086956522,0,0,26.086956522,15,3.913043478,30,3.913043478);
Insert into SALES_PUR_RETURN_INV_DTL (DTL_ID,INVOICE_ID,PRODUCT_ID,PRODUCT_UNIT_ID,QUANTITY,PRICE,TOTAL_PRICE,DISCOUNT_PERCENTAGE,DISCOUNT_VALUE,POST_DISCOUNT_TOTAL_PRICE,VAT_PERCENTAGE,VAT_VALUE,TOTAL_AMOUNT,PRE_DISCOUNT_VAT_VALUE) values (21,21,3,1,50,17.391304348,869.5652174,0,0,869.5652174,15,130.43478261,1000,130.43478261);
Insert into SALES_PUR_RETURN_INV_DTL (DTL_ID,INVOICE_ID,PRODUCT_ID,PRODUCT_UNIT_ID,QUANTITY,PRICE,TOTAL_PRICE,DISCOUNT_PERCENTAGE,DISCOUNT_VALUE,POST_DISCOUNT_TOTAL_PRICE,VAT_PERCENTAGE,VAT_VALUE,TOTAL_AMOUNT,PRE_DISCOUNT_VAT_VALUE) values (3,1,41,1,1,26.086956522,26.086956522,0,0,26.086956522,15,3.913043478,30,3.913043478);
Insert into SALES_PUR_RETURN_INV_DTL (DTL_ID,INVOICE_ID,PRODUCT_ID,PRODUCT_UNIT_ID,QUANTITY,PRICE,TOTAL_PRICE,DISCOUNT_PERCENTAGE,DISCOUNT_VALUE,POST_DISCOUNT_TOTAL_PRICE,VAT_PERCENTAGE,VAT_VALUE,TOTAL_AMOUNT,PRE_DISCOUNT_VAT_VALUE) values (6,2,3,1,1,17.391304348,17.391304348,0,0,17.391304348,15,2.608695652,20,2.608695652);
Insert into SALES_PUR_RETURN_INV_DTL (DTL_ID,INVOICE_ID,PRODUCT_ID,PRODUCT_UNIT_ID,QUANTITY,PRICE,TOTAL_PRICE,DISCOUNT_PERCENTAGE,DISCOUNT_VALUE,POST_DISCOUNT_TOTAL_PRICE,VAT_PERCENTAGE,VAT_VALUE,TOTAL_AMOUNT,PRE_DISCOUNT_VAT_VALUE) values (7,2,41,1,1,26.086956522,26.086956522,0,0,26.086956522,15,3.913043478,30,3.913043478);
REM INSERTING into SALES_RENT_INV
SET DEFINE OFF;
Insert into SALES_RENT_INV (INVOICE_ID,INVOICE_DATE,STORE_DATE,STORE_ID,INVOICE_TYPE,PAYMENT_TYPE,SAFE_ID,COST_CTR_ID,CLIENT_ID,PRE_TAX_TOTAL_AMOUNT,CLIENT_DISCOUNT,TOTAL_DISCOUNT,POST_DISCOUNT_TOTAL_AMOUNT,TOTAL_VAT,TOTAL_QUANTITY,INVOICE_TOTAL_AMOUNT,PAID_CASH_AMOUNT,PAID_BANK_AMOUNT,NOTES,COMPANY_ID,USER_ID,BANK_ACC_ID,PAID_AMOUNT,DEFERRED_AMOUNT,ACC_JOURNAL_ID,DELIVERY_DATE,RETURN_DATE,INVOICE_NO,BRANCH_ID) values (31,to_timestamp('19-SEP-24 12.00.00.000000000 AM','DD-MON-RR HH.MI.SSXFF AM'),to_timestamp('19-SEP-24 12.00.00.000000000 AM','DD-MON-RR HH.MI.SSXFF AM'),1,1,1,1,1,1,121.739,null,0,121.739,18.261,7,140,140,0,null,0,1,1,null,null,null,null,null,31,3);
Insert into SALES_RENT_INV (INVOICE_ID,INVOICE_DATE,STORE_DATE,STORE_ID,INVOICE_TYPE,PAYMENT_TYPE,SAFE_ID,COST_CTR_ID,CLIENT_ID,PRE_TAX_TOTAL_AMOUNT,CLIENT_DISCOUNT,TOTAL_DISCOUNT,POST_DISCOUNT_TOTAL_AMOUNT,TOTAL_VAT,TOTAL_QUANTITY,INVOICE_TOTAL_AMOUNT,PAID_CASH_AMOUNT,PAID_BANK_AMOUNT,NOTES,COMPANY_ID,USER_ID,BANK_ACC_ID,PAID_AMOUNT,DEFERRED_AMOUNT,ACC_JOURNAL_ID,DELIVERY_DATE,RETURN_DATE,INVOICE_NO,BRANCH_ID) values (2,to_timestamp('15-JUL-24 12.00.00.000000000 AM','DD-MON-RR HH.MI.SSXFF AM'),to_timestamp('05-JUL-24 12.00.00.000000000 AM','DD-MON-RR HH.MI.SSXFF AM'),1,1,1,1,1,1,26.087,null,0,26.087,3.913,1,30,30,0,null,0,1,1,null,null,null,null,null,1,null);
REM INSERTING into SALES_RENT_INV_DTL
SET DEFINE OFF;
Insert into SALES_RENT_INV_DTL (DTL_ID,INVOICE_ID,PRODUCT_ID,PRODUCT_UNIT_ID,QUANTITY,PRICE,TOTAL_PRICE,DISCOUNT_PERCENTAGE,DISCOUNT_VALUE,POST_DISCOUNT_TOTAL_PRICE,VAT_PERCENTAGE,VAT_VALUE,TOTAL_AMOUNT,PRE_DISCOUNT_VAT_VALUE) values (21,31,3,1,7,17.391304348,121.739130436,0,0,121.739130436,15,18.260869565,140,18.260869565);
Insert into SALES_RENT_INV_DTL (DTL_ID,INVOICE_ID,PRODUCT_ID,PRODUCT_UNIT_ID,QUANTITY,PRICE,TOTAL_PRICE,DISCOUNT_PERCENTAGE,DISCOUNT_VALUE,POST_DISCOUNT_TOTAL_PRICE,VAT_PERCENTAGE,VAT_VALUE,TOTAL_AMOUNT,PRE_DISCOUNT_VAT_VALUE) values (1,2,41,1,1,26.086956522,26.086956522,0,0,26.086956522,15,3.913043478,30,3.913043478);
REM INSERTING into SALES_RETURN_INV
SET DEFINE OFF;
Insert into SALES_RETURN_INV (INVOICE_ID,INVOICE_DATE,STORE_DATE,SALES_INV_ID,STORE_ID,INVOICE_TYPE,PAYMENT_TYPE,SAFE_ID,COST_CTR_ID,CLIENT_ID,PRE_TAX_TOTAL_AMOUNT,CLIENT_DISCOUNT,TOTAL_DISCOUNT,POST_DISCOUNT_TOTAL_AMOUNT,TOTAL_VAT,TOTAL_QUANTITY,INVOICE_TOTAL_AMOUNT,PAID_CASH_AMOUNT,PAID_BANK_AMOUNT,NOTES,COMPANY_ID,USER_ID,BANK_ACC_ID,PAID_AMOUNT,DEFERRED_AMOUNT,ACC_JOURNAL_ID,INVOICE_NO,BRANCH_ID) values (1,to_timestamp('01-AUG-24 12.00.00.000000000 AM','DD-MON-RR HH.MI.SSXFF AM'),to_timestamp('05-AUG-24 12.00.00.000000000 AM','DD-MON-RR HH.MI.SSXFF AM'),null,1,1,2,1,1,1,26.087,null,0,26.087,3.913,1,30,0,30,null,0,1,1,null,null,32,3,1);
Insert into SALES_RETURN_INV (INVOICE_ID,INVOICE_DATE,STORE_DATE,SALES_INV_ID,STORE_ID,INVOICE_TYPE,PAYMENT_TYPE,SAFE_ID,COST_CTR_ID,CLIENT_ID,PRE_TAX_TOTAL_AMOUNT,CLIENT_DISCOUNT,TOTAL_DISCOUNT,POST_DISCOUNT_TOTAL_AMOUNT,TOTAL_VAT,TOTAL_QUANTITY,INVOICE_TOTAL_AMOUNT,PAID_CASH_AMOUNT,PAID_BANK_AMOUNT,NOTES,COMPANY_ID,USER_ID,BANK_ACC_ID,PAID_AMOUNT,DEFERRED_AMOUNT,ACC_JOURNAL_ID,INVOICE_NO,BRANCH_ID) values (23,to_timestamp('19-SEP-24 12.00.00.000000000 AM','DD-MON-RR HH.MI.SSXFF AM'),to_timestamp('19-SEP-24 12.00.00.000000000 AM','DD-MON-RR HH.MI.SSXFF AM'),null,1,1,1,1,1,1,208.696,null,0,208.696,31.304,8,240,240,0,null,0,1,1,null,null,47,5,null);
Insert into SALES_RETURN_INV (INVOICE_ID,INVOICE_DATE,STORE_DATE,SALES_INV_ID,STORE_ID,INVOICE_TYPE,PAYMENT_TYPE,SAFE_ID,COST_CTR_ID,CLIENT_ID,PRE_TAX_TOTAL_AMOUNT,CLIENT_DISCOUNT,TOTAL_DISCOUNT,POST_DISCOUNT_TOTAL_AMOUNT,TOTAL_VAT,TOTAL_QUANTITY,INVOICE_TOTAL_AMOUNT,PAID_CASH_AMOUNT,PAID_BANK_AMOUNT,NOTES,COMPANY_ID,USER_ID,BANK_ACC_ID,PAID_AMOUNT,DEFERRED_AMOUNT,ACC_JOURNAL_ID,INVOICE_NO,BRANCH_ID) values (22,to_timestamp('19-SEP-24 12.00.00.000000000 AM','DD-MON-RR HH.MI.SSXFF AM'),to_timestamp('19-SEP-24 12.00.00.000000000 AM','DD-MON-RR HH.MI.SSXFF AM'),null,1,1,1,1,1,1,34.783,null,0,34.783,5.217,1,40,40,0,null,0,1,1,null,null,46,4,null);
Insert into SALES_RETURN_INV (INVOICE_ID,INVOICE_DATE,STORE_DATE,SALES_INV_ID,STORE_ID,INVOICE_TYPE,PAYMENT_TYPE,SAFE_ID,COST_CTR_ID,CLIENT_ID,PRE_TAX_TOTAL_AMOUNT,CLIENT_DISCOUNT,TOTAL_DISCOUNT,POST_DISCOUNT_TOTAL_AMOUNT,TOTAL_VAT,TOTAL_QUANTITY,INVOICE_TOTAL_AMOUNT,PAID_CASH_AMOUNT,PAID_BANK_AMOUNT,NOTES,COMPANY_ID,USER_ID,BANK_ACC_ID,PAID_AMOUNT,DEFERRED_AMOUNT,ACC_JOURNAL_ID,INVOICE_NO,BRANCH_ID) values (3,to_timestamp('20-AUG-24 12.00.00.000000000 AM','DD-MON-RR HH.MI.SSXFF AM'),to_timestamp('05-AUG-24 12.00.00.000000000 AM','DD-MON-RR HH.MI.SSXFF AM'),null,1,2,1,1,1,1,182.609,null,0,182.609,27.391,7,210,0,0,null,0,1,1,0,210,34,2,3);
Insert into SALES_RETURN_INV (INVOICE_ID,INVOICE_DATE,STORE_DATE,SALES_INV_ID,STORE_ID,INVOICE_TYPE,PAYMENT_TYPE,SAFE_ID,COST_CTR_ID,CLIENT_ID,PRE_TAX_TOTAL_AMOUNT,CLIENT_DISCOUNT,TOTAL_DISCOUNT,POST_DISCOUNT_TOTAL_AMOUNT,TOTAL_VAT,TOTAL_QUANTITY,INVOICE_TOTAL_AMOUNT,PAID_CASH_AMOUNT,PAID_BANK_AMOUNT,NOTES,COMPANY_ID,USER_ID,BANK_ACC_ID,PAID_AMOUNT,DEFERRED_AMOUNT,ACC_JOURNAL_ID,INVOICE_NO,BRANCH_ID) values (24,to_timestamp('04-SEP-24 12.00.00.000000000 AM','DD-MON-RR HH.MI.SSXFF AM'),to_timestamp('04-SEP-24 12.00.00.000000000 AM','DD-MON-RR HH.MI.SSXFF AM'),null,1,1,1,1,1,1,234.783,null,0,234.783,35.217,9,270,270,0,null,0,1,1,null,null,48,6,null);
Insert into SALES_RETURN_INV (INVOICE_ID,INVOICE_DATE,STORE_DATE,SALES_INV_ID,STORE_ID,INVOICE_TYPE,PAYMENT_TYPE,SAFE_ID,COST_CTR_ID,CLIENT_ID,PRE_TAX_TOTAL_AMOUNT,CLIENT_DISCOUNT,TOTAL_DISCOUNT,POST_DISCOUNT_TOTAL_AMOUNT,TOTAL_VAT,TOTAL_QUANTITY,INVOICE_TOTAL_AMOUNT,PAID_CASH_AMOUNT,PAID_BANK_AMOUNT,NOTES,COMPANY_ID,USER_ID,BANK_ACC_ID,PAID_AMOUNT,DEFERRED_AMOUNT,ACC_JOURNAL_ID,INVOICE_NO,BRANCH_ID) values (21,to_timestamp('19-SEP-24 12.00.00.000000000 AM','DD-MON-RR HH.MI.SSXFF AM'),to_timestamp('19-SEP-24 12.00.00.000000000 AM','DD-MON-RR HH.MI.SSXFF AM'),null,1,1,1,1,1,1,1304.348,null,0,1304.348,195.652,50,1500,1500,0,null,0,1,1,null,null,59,21,2);
Insert into SALES_RETURN_INV (INVOICE_ID,INVOICE_DATE,STORE_DATE,SALES_INV_ID,STORE_ID,INVOICE_TYPE,PAYMENT_TYPE,SAFE_ID,COST_CTR_ID,CLIENT_ID,PRE_TAX_TOTAL_AMOUNT,CLIENT_DISCOUNT,TOTAL_DISCOUNT,POST_DISCOUNT_TOTAL_AMOUNT,TOTAL_VAT,TOTAL_QUANTITY,INVOICE_TOTAL_AMOUNT,PAID_CASH_AMOUNT,PAID_BANK_AMOUNT,NOTES,COMPANY_ID,USER_ID,BANK_ACC_ID,PAID_AMOUNT,DEFERRED_AMOUNT,ACC_JOURNAL_ID,INVOICE_NO,BRANCH_ID) values (2,to_timestamp('05-AUG-24 12.00.00.000000000 AM','DD-MON-RR HH.MI.SSXFF AM'),to_timestamp('13-AUG-24 12.00.00.000000000 AM','DD-MON-RR HH.MI.SSXFF AM'),null,1,1,1,1,1,1,26.087,null,0,26.087,3.913,1,30,30,0,null,0,1,1,null,null,33,1,1);
REM INSERTING into SALES_RETURN_INV_DTL
SET DEFINE OFF;
Insert into SALES_RETURN_INV_DTL (DTL_ID,INVOICE_ID,PRODUCT_ID,PRODUCT_UNIT_ID,QUANTITY,PRICE,TOTAL_PRICE,DISCOUNT_PERCENTAGE,DISCOUNT_VALUE,POST_DISCOUNT_TOTAL_PRICE,VAT_PERCENTAGE,VAT_VALUE,TOTAL_AMOUNT,PRE_DISCOUNT_VAT_VALUE) values (8,3,3,1,7,26.086956522,182.608695654,0,0,182.608695654,15,27.391304348,210,27.391304348);
Insert into SALES_RETURN_INV_DTL (DTL_ID,INVOICE_ID,PRODUCT_ID,PRODUCT_UNIT_ID,QUANTITY,PRICE,TOTAL_PRICE,DISCOUNT_PERCENTAGE,DISCOUNT_VALUE,POST_DISCOUNT_TOTAL_PRICE,VAT_PERCENTAGE,VAT_VALUE,TOTAL_AMOUNT,PRE_DISCOUNT_VAT_VALUE) values (23,23,3,1,8,26.086956522,208.695652176,0,0,208.695652176,15,31.304347826,240,31.304347826);
Insert into SALES_RETURN_INV_DTL (DTL_ID,INVOICE_ID,PRODUCT_ID,PRODUCT_UNIT_ID,QUANTITY,PRICE,TOTAL_PRICE,DISCOUNT_PERCENTAGE,DISCOUNT_VALUE,POST_DISCOUNT_TOTAL_PRICE,VAT_PERCENTAGE,VAT_VALUE,TOTAL_AMOUNT,PRE_DISCOUNT_VAT_VALUE) values (22,22,41,1,1,34.782608696,34.782608696,0,0,34.782608696,15,5.217391304,40,5.217391304);
Insert into SALES_RETURN_INV_DTL (DTL_ID,INVOICE_ID,PRODUCT_ID,PRODUCT_UNIT_ID,QUANTITY,PRICE,TOTAL_PRICE,DISCOUNT_PERCENTAGE,DISCOUNT_VALUE,POST_DISCOUNT_TOTAL_PRICE,VAT_PERCENTAGE,VAT_VALUE,TOTAL_AMOUNT,PRE_DISCOUNT_VAT_VALUE) values (5,1,3,1,1,26.086956522,26.086956522,0,0,26.086956522,15,3.913043478,30,3.913043478);
Insert into SALES_RETURN_INV_DTL (DTL_ID,INVOICE_ID,PRODUCT_ID,PRODUCT_UNIT_ID,QUANTITY,PRICE,TOTAL_PRICE,DISCOUNT_PERCENTAGE,DISCOUNT_VALUE,POST_DISCOUNT_TOTAL_PRICE,VAT_PERCENTAGE,VAT_VALUE,TOTAL_AMOUNT,PRE_DISCOUNT_VAT_VALUE) values (24,24,3,1,9,26.086956522,234.782608698,0,0,234.782608698,15,35.217391305,270,35.217391305);
Insert into SALES_RETURN_INV_DTL (DTL_ID,INVOICE_ID,PRODUCT_ID,PRODUCT_UNIT_ID,QUANTITY,PRICE,TOTAL_PRICE,DISCOUNT_PERCENTAGE,DISCOUNT_VALUE,POST_DISCOUNT_TOTAL_PRICE,VAT_PERCENTAGE,VAT_VALUE,TOTAL_AMOUNT,PRE_DISCOUNT_VAT_VALUE) values (25,21,3,1,50,26.086956522,1304.3478261,0,0,1304.3478261,15,195.652173915,1500,195.652173915);
Insert into SALES_RETURN_INV_DTL (DTL_ID,INVOICE_ID,PRODUCT_ID,PRODUCT_UNIT_ID,QUANTITY,PRICE,TOTAL_PRICE,DISCOUNT_PERCENTAGE,DISCOUNT_VALUE,POST_DISCOUNT_TOTAL_PRICE,VAT_PERCENTAGE,VAT_VALUE,TOTAL_AMOUNT,PRE_DISCOUNT_VAT_VALUE) values (7,2,3,1,1,26.086956522,26.086956522,0,0,26.086956522,15,3.913043478,30,3.913043478);
REM INSERTING into SETUP_APP_ROLE
SET DEFINE OFF;
Insert into SETUP_APP_ROLE (ROLE_ID,ROLE_NAME,CREATED_BY,CREATED_AT,MODIFIED_BY,MODIFIED_AT,COMPANY_ID,ROLE_NAME_EN) values (1,'مدير نظام',null,to_timestamp('18-MAR-23 03.05.09.000000000 AM','DD-MON-RR HH.MI.SSXFF AM'),null,null,null,null);
Insert into SETUP_APP_ROLE (ROLE_ID,ROLE_NAME,CREATED_BY,CREATED_AT,MODIFIED_BY,MODIFIED_AT,COMPANY_ID,ROLE_NAME_EN) values (3,'امين مخازن',null,to_timestamp('18-MAR-23 03.05.31.000000000 AM','DD-MON-RR HH.MI.SSXFF AM'),null,null,null,null);
Insert into SETUP_APP_ROLE (ROLE_ID,ROLE_NAME,CREATED_BY,CREATED_AT,MODIFIED_BY,MODIFIED_AT,COMPANY_ID,ROLE_NAME_EN) values (2,'محاسب',null,to_timestamp('18-MAR-23 03.05.21.000000000 AM','DD-MON-RR HH.MI.SSXFF AM'),null,null,null,null);
Insert into SETUP_APP_ROLE (ROLE_ID,ROLE_NAME,CREATED_BY,CREATED_AT,MODIFIED_BY,MODIFIED_AT,COMPANY_ID,ROLE_NAME_EN) values (4,'صندوق',null,to_timestamp('18-MAR-23 03.05.38.000000000 AM','DD-MON-RR HH.MI.SSXFF AM'),1,null,null,null);
Insert into SETUP_APP_ROLE (ROLE_ID,ROLE_NAME,CREATED_BY,CREATED_AT,MODIFIED_BY,MODIFIED_AT,COMPANY_ID,ROLE_NAME_EN) values (5,'admin',1,to_timestamp('11-AUG-24 04.06.39.000000000 PM','DD-MON-RR HH.MI.SSXFF AM'),null,null,0,'admin');
REM INSERTING into SETUP_APP_USER
SET DEFINE OFF;
Insert into SETUP_APP_USER (USER_ID,USER_NAME,PASS,CREATED_BY,CREATED_AT,MODIFIED_BY,MODIFIED_AT,STATUS,USER_TYPE,COMPANY_ID,PREFERED_LANG_ID) values (1,'aalrabyee','aalrabyee',null,to_timestamp('11-MAR-23 07.15.07.000000000 PM','DD-MON-RR HH.MI.SSXFF AM'),1,to_date('11-AUG-24','DD-MON-RR'),1,1,0,1);
Insert into SETUP_APP_USER (USER_ID,USER_NAME,PASS,CREATED_BY,CREATED_AT,MODIFIED_BY,MODIFIED_AT,STATUS,USER_TYPE,COMPANY_ID,PREFERED_LANG_ID) values (21,'mahmoud','mahmoud',null,to_timestamp('13-MAR-23 02.32.56.000000000 AM','DD-MON-RR HH.MI.SSXFF AM'),null,null,1,null,null,1);
Insert into SETUP_APP_USER (USER_ID,USER_NAME,PASS,CREATED_BY,CREATED_AT,MODIFIED_BY,MODIFIED_AT,STATUS,USER_TYPE,COMPANY_ID,PREFERED_LANG_ID) values (23,'khaled','khaled',null,to_timestamp('14-MAR-23 01.52.39.000000000 AM','DD-MON-RR HH.MI.SSXFF AM'),null,null,0,null,null,1);
REM INSERTING into SETUP_BANK_EXT_ACC
SET DEFINE OFF;
Insert into SETUP_BANK_EXT_ACC (BANK_ACC_ID,ACC_NAME_AR,ACCOUNT_ID,TEL_NO,MOBILE_NO,COUNTRY_ID,CITY_ID,REGION_ID,NOTE,FOR_ALL_BRANCHES,STATUS,COMPANY_ID,ACC_NAME_EN) values (1,'بنك الأهلي',101002001001,'2323','0539758319',1,1,1,null,0,0,0,'Al-Ahli Bank');
REM INSERTING into SETUP_BRANCH
SET DEFINE OFF;
Insert into SETUP_BRANCH (BRANCH_ID,NAME_AR,NAME_EN,TEL_NO,MOBILE_NO,FAX,EMAIL,COMERCIAL_REC_NO,TAX_NO,COUNTRY_ID,CITY_ID,REGION_ID,BUILDING_NO,SREET,POST_CODE,NOTE,COMPANY_ID) values (1,'الفرع الرئيسي','Main Branch','11523055','0539758319','263388477','info@masarat.com.sa','523697005','100000523697',1,1,2,null,null,null,null,0);
Insert into SETUP_BRANCH (BRANCH_ID,NAME_AR,NAME_EN,TEL_NO,MOBILE_NO,FAX,EMAIL,COMERCIAL_REC_NO,TAX_NO,COUNTRY_ID,CITY_ID,REGION_ID,BUILDING_NO,SREET,POST_CODE,NOTE,COMPANY_ID) values (2,'الفرع الثاني','Branch 2','11523055','0539758319','263388477','info@masarat.com.sa','523697005','100000523697',1,1,2,null,null,null,null,0);
Insert into SETUP_BRANCH (BRANCH_ID,NAME_AR,NAME_EN,TEL_NO,MOBILE_NO,FAX,EMAIL,COMERCIAL_REC_NO,TAX_NO,COUNTRY_ID,CITY_ID,REGION_ID,BUILDING_NO,SREET,POST_CODE,NOTE,COMPANY_ID) values (3,'الفرع الثالث','Branch 3','11523055','0539758319','263388477','info@masarat.com.sa','523697005','100000523697',1,1,2,null,null,null,null,0);
REM INSERTING into SETUP_CITY
SET DEFINE OFF;
Insert into SETUP_CITY (CITY_ID,CITY_NAME_AR,CITY_NAME_EN,COUNTRY_ID,STATUS,COMPANY_ID) values (1,'الرياض','Riyadh',1,null,0);
Insert into SETUP_CITY (CITY_ID,CITY_NAME_AR,CITY_NAME_EN,COUNTRY_ID,STATUS,COMPANY_ID) values (2,'جدة','Jeddah',1,null,0);
Insert into SETUP_CITY (CITY_ID,CITY_NAME_AR,CITY_NAME_EN,COUNTRY_ID,STATUS,COMPANY_ID) values (21,null,null,null,null,0);
REM INSERTING into SETUP_COUNTRY
SET DEFINE OFF;
Insert into SETUP_COUNTRY (COUNTRY_ID,NAME_AR,NAME_EN,NATIONALITY_NAME_AR,NATIONALITY_NAME_EN,STATUS,COMPANY_ID) values (2,'الكويت','Kuwait','كويتي','Kuwaiti',null,1);
Insert into SETUP_COUNTRY (COUNTRY_ID,NAME_AR,NAME_EN,NATIONALITY_NAME_AR,NATIONALITY_NAME_EN,STATUS,COMPANY_ID) values (1,'المملكة العربية السعودية','United Kindom of Saudia','سعودي','Saudi',null,0);
REM INSERTING into SETUP_CURRENCY
SET DEFINE OFF;
Insert into SETUP_CURRENCY (CURRENCY_ID,CODE_AR,NAME_AR,CREATED_BY,CREATED_AT,MODIFIED_BY,MODIFIED_AT,COMPANY_ID,NAME_EN,CODE_EN) values (1,'ر.ي','ريال يمني',null,to_timestamp('19-MAR-24 12.00.00.000000000 AM','DD-MON-RR HH.MI.SSXFF AM'),null,to_timestamp('02-APR-24 12.00.00.000000000 AM','DD-MON-RR HH.MI.SSXFF AM'),0,'Yemeni Riyal','Y.R');
Insert into SETUP_CURRENCY (CURRENCY_ID,CODE_AR,NAME_AR,CREATED_BY,CREATED_AT,MODIFIED_BY,MODIFIED_AT,COMPANY_ID,NAME_EN,CODE_EN) values (2,'ر.س','ريال سعودي',null,to_timestamp('19-MAR-24 12.00.00.000000000 AM','DD-MON-RR HH.MI.SSXFF AM'),null,to_timestamp('19-MAR-24 05.28.46.000000000 AM','DD-MON-RR HH.MI.SSXFF AM'),0,null,null);
Insert into SETUP_CURRENCY (CURRENCY_ID,CODE_AR,NAME_AR,CREATED_BY,CREATED_AT,MODIFIED_BY,MODIFIED_AT,COMPANY_ID,NAME_EN,CODE_EN) values (3,'$','دولار',null,to_timestamp('19-MAR-24 05.25.21.000000000 AM','DD-MON-RR HH.MI.SSXFF AM'),null,null,0,null,null);
Insert into SETUP_CURRENCY (CURRENCY_ID,CODE_AR,NAME_AR,CREATED_BY,CREATED_AT,MODIFIED_BY,MODIFIED_AT,COMPANY_ID,NAME_EN,CODE_EN) values (5,'درهم','درهم اماراتي',null,to_timestamp('19-MAR-24 05.26.45.000000000 AM','DD-MON-RR HH.MI.SSXFF AM'),null,null,0,null,null);
Insert into SETUP_CURRENCY (CURRENCY_ID,CODE_AR,NAME_AR,CREATED_BY,CREATED_AT,MODIFIED_BY,MODIFIED_AT,COMPANY_ID,NAME_EN,CODE_EN) values (21,null,null,null,null,null,null,0,null,null);
REM INSERTING into SETUP_PARAMS
SET DEFINE OFF;
Insert into SETUP_PARAMS (PARAM_ID,PARAM_DESC_AR,PARAM_DESC_EN,COMPANY_ID,PARAM_VALUE) values (6,'ضريبة القيمة المضافة','VAT',0,'1');
Insert into SETUP_PARAMS (PARAM_ID,PARAM_DESC_AR,PARAM_DESC_EN,COMPANY_ID,PARAM_VALUE) values (7,'ضريبة صفرية','VAT',0,'2');
Insert into SETUP_PARAMS (PARAM_ID,PARAM_DESC_AR,PARAM_DESC_EN,COMPANY_ID,PARAM_VALUE) values (8,'معفاة من الضريبة','VAT',0,'3');
Insert into SETUP_PARAMS (PARAM_ID,PARAM_DESC_AR,PARAM_DESC_EN,COMPANY_ID,PARAM_VALUE) values (3,'رقم حساب المخزون','Stock Account Id',0,'101006001001');
Insert into SETUP_PARAMS (PARAM_ID,PARAM_DESC_AR,PARAM_DESC_EN,COMPANY_ID,PARAM_VALUE) values (4,'رقم حساب ضريبة القيمة المضافة للمبيعات','Sales VAT ACCOUNT ID',0,'201004001001');
Insert into SETUP_PARAMS (PARAM_ID,PARAM_DESC_AR,PARAM_DESC_EN,COMPANY_ID,PARAM_VALUE) values (5,'رقم حساب المبيعات','Sales account id',0,'111');
Insert into SETUP_PARAMS (PARAM_ID,PARAM_DESC_AR,PARAM_DESC_EN,COMPANY_ID,PARAM_VALUE) values (1,'رقم حساب المشتريات','Purchase account id',0,'111');
Insert into SETUP_PARAMS (PARAM_ID,PARAM_DESC_AR,PARAM_DESC_EN,COMPANY_ID,PARAM_VALUE) values (2,'رقم حساب ضريبة القيمة المضافة للمشتريات','Purchase VAT ACCOUNT ID',0,'201004001002');
REM INSERTING into SETUP_PROD_GROUP
SET DEFINE OFF;
Insert into SETUP_PROD_GROUP (GROUP_ID,NAME_AR,NAME_EN,STATUS,COMPANY_ID) values (1,'مجموعة 1','Group 1',1,0);
REM INSERTING into SETUP_REGION
SET DEFINE OFF;
Insert into SETUP_REGION (REGION_ID,REGION_NAME_AR,REGION_NAME_EN,COUNTRY_ID,CITY_ID,STATUS,COMPANY_ID) values (2,'العليا','Olya',1,1,null,0);
Insert into SETUP_REGION (REGION_ID,REGION_NAME_AR,REGION_NAME_EN,COUNTRY_ID,CITY_ID,STATUS,COMPANY_ID) values (22,null,null,null,null,null,0);
Insert into SETUP_REGION (REGION_ID,REGION_NAME_AR,REGION_NAME_EN,COUNTRY_ID,CITY_ID,STATUS,COMPANY_ID) values (1,'الرياض','Riyadh',1,1,null,0);
REM INSERTING into SETUP_SAFE
SET DEFINE OFF;
Insert into SETUP_SAFE (SAFE_ID,SAFE_NAME_AR,BRANCH_ID,ACCOUNT_ID,NOTE,IS_DEFAULT,FOR_ALL_BRANCHES,STATUS,COMPANY_ID,SAFE_NAME_EN) values (1,'الخزنة الرئيسية',null,101001001001,null,0,1,0,0,null);
REM INSERTING into SETUP_STORE
SET DEFINE OFF;
Insert into SETUP_STORE (STORE_ID,STORE_NAME_AR,BRANCH_ID,NOTE,STATUS,COMPANY_ID,STORE_NAME_EN) values (2,'المخزن الفرعي',null,null,null,0,'Sub Store');
Insert into SETUP_STORE (STORE_ID,STORE_NAME_AR,BRANCH_ID,NOTE,STATUS,COMPANY_ID,STORE_NAME_EN) values (1,'المخزن الرئيسي',null,null,null,0,'Main Store');
REM INSERTING into SETUP_TAX_GROUP
SET DEFINE OFF;
Insert into SETUP_TAX_GROUP (GROUP_ID,NAME_AR,NAME_EN,GROUP_VALUE,STATUS,COMPANY_ID) values (1,'ضريبة القيمة المضافة','VAT',15,1,0);
Insert into SETUP_TAX_GROUP (GROUP_ID,NAME_AR,NAME_EN,GROUP_VALUE,STATUS,COMPANY_ID) values (2,'ضريبة صفرية',null,0,1,0);
Insert into SETUP_TAX_GROUP (GROUP_ID,NAME_AR,NAME_EN,GROUP_VALUE,STATUS,COMPANY_ID) values (3,'معفاة من الضريبة',null,0,1,0);
REM INSERTING into SETUP_UNIT
SET DEFINE OFF;
Insert into SETUP_UNIT (UNIT_ID,UNIT_NAME_AR,COMPANY_ID,UNIT_NAME_EN) values (1,'حبة',0,'Item');
Insert into SETUP_UNIT (UNIT_ID,UNIT_NAME_AR,COMPANY_ID,UNIT_NAME_EN) values (2,'درزن',0,'dozen');
Insert into SETUP_UNIT (UNIT_ID,UNIT_NAME_AR,COMPANY_ID,UNIT_NAME_EN) values (3,'كرتون',0,'box');
REM INSERTING into STORE_FIRST_PERIOD_STOCK
SET DEFINE OFF;
Insert into STORE_FIRST_PERIOD_STOCK (INVOICE_ID,INVOICE_DATE,STORE_DATE,PROVIDER_INV_DATE,STORE_ID,INVOICE_TYPE,SAFE_ID,COST_CTR_ID,PROVIDER_ID,PROVIDER_INV_ID,TOTAL_QUANTITY,INVOICE_TOTAL_AMOUNT,NOTES,COMPANY_ID,USER_ID,INVOICE_NO,BRANCH_ID) values (21,to_timestamp('19-SEP-24 12.00.00.000000000 AM','DD-MON-RR HH.MI.SSXFF AM'),to_timestamp('19-SEP-24 12.00.00.000000000 AM','DD-MON-RR HH.MI.SSXFF AM'),to_timestamp('19-SEP-24 12.00.00.000000000 AM','DD-MON-RR HH.MI.SSXFF AM'),1,1,1,1,1,null,8,208.696,null,0,1,31,3);
Insert into STORE_FIRST_PERIOD_STOCK (INVOICE_ID,INVOICE_DATE,STORE_DATE,PROVIDER_INV_DATE,STORE_ID,INVOICE_TYPE,SAFE_ID,COST_CTR_ID,PROVIDER_ID,PROVIDER_INV_ID,TOTAL_QUANTITY,INVOICE_TOTAL_AMOUNT,NOTES,COMPANY_ID,USER_ID,INVOICE_NO,BRANCH_ID) values (2,to_timestamp('10-JUL-24 12.00.00.000000000 AM','DD-MON-RR HH.MI.SSXFF AM'),to_timestamp('10-JUL-24 12.00.00.000000000 AM','DD-MON-RR HH.MI.SSXFF AM'),to_timestamp('02-JUL-24 12.00.00.000000000 AM','DD-MON-RR HH.MI.SSXFF AM'),1,1,1,1,1,null,10,252.174,null,0,1,1,null);
Insert into STORE_FIRST_PERIOD_STOCK (INVOICE_ID,INVOICE_DATE,STORE_DATE,PROVIDER_INV_DATE,STORE_ID,INVOICE_TYPE,SAFE_ID,COST_CTR_ID,PROVIDER_ID,PROVIDER_INV_ID,TOTAL_QUANTITY,INVOICE_TOTAL_AMOUNT,NOTES,COMPANY_ID,USER_ID,INVOICE_NO,BRANCH_ID) values (1,to_timestamp('10-JUL-24 12.00.00.000000000 AM','DD-MON-RR HH.MI.SSXFF AM'),to_timestamp('10-JUL-24 12.00.00.000000000 AM','DD-MON-RR HH.MI.SSXFF AM'),to_timestamp('10-JUL-24 12.00.00.000000000 AM','DD-MON-RR HH.MI.SSXFF AM'),1,1,1,1,1,null,4,78.261,null,0,1,2,null);
REM INSERTING into STORE_FIRST_PERIOD_STOCK_DTL
SET DEFINE OFF;
Insert into STORE_FIRST_PERIOD_STOCK_DTL (DTL_ID,INVOICE_ID,PRODUCT_ID,PRODUCT_UNIT_ID,QUANTITY,PRICE,TOTAL_AMOUNT) values (21,21,41,1,8,26.086956522,208.695652176);
Insert into STORE_FIRST_PERIOD_STOCK_DTL (DTL_ID,INVOICE_ID,PRODUCT_ID,PRODUCT_UNIT_ID,QUANTITY,PRICE,TOTAL_AMOUNT) values (2,2,3,1,1,17.391304348,17.391304348);
Insert into STORE_FIRST_PERIOD_STOCK_DTL (DTL_ID,INVOICE_ID,PRODUCT_ID,PRODUCT_UNIT_ID,QUANTITY,PRICE,TOTAL_AMOUNT) values (5,2,41,1,9,26.086956522,234.782608698);
Insert into STORE_FIRST_PERIOD_STOCK_DTL (DTL_ID,INVOICE_ID,PRODUCT_ID,PRODUCT_UNIT_ID,QUANTITY,PRICE,TOTAL_AMOUNT) values (1,1,3,1,3,17.391304348,52.173913044);
Insert into STORE_FIRST_PERIOD_STOCK_DTL (DTL_ID,INVOICE_ID,PRODUCT_ID,PRODUCT_UNIT_ID,QUANTITY,PRICE,TOTAL_AMOUNT) values (4,1,41,1,1,26.086956522,26.086956522);
REM INSERTING into STORE_STOCKIN_ORDER
SET DEFINE OFF;
Insert into STORE_STOCKIN_ORDER (ORDER_ID,STORE_ID,ORDER_DATE,REF_ID,ACCOUNT_ID,COST_CTR_ID,ACCOUNTABLE,NOTES,COMPANY_ID,USER_ID,TOTAL_AMOUNT,ACC_JOURNAL_ID,ORDER_NO,BRANCH_ID) values (21,1,to_timestamp('19-SEP-24 12.00.00.000000000 AM','DD-MON-RR HH.MI.SSXFF AM'),null,null,1,1,null,0,1,20,null,1,null);
Insert into STORE_STOCKIN_ORDER (ORDER_ID,STORE_ID,ORDER_DATE,REF_ID,ACCOUNT_ID,COST_CTR_ID,ACCOUNTABLE,NOTES,COMPANY_ID,USER_ID,TOTAL_AMOUNT,ACC_JOURNAL_ID,ORDER_NO,BRANCH_ID) values (23,1,to_timestamp('19-SEP-24 12.00.00.000000000 AM','DD-MON-RR HH.MI.SSXFF AM'),null,null,1,0,null,0,1,190,null,3,null);
Insert into STORE_STOCKIN_ORDER (ORDER_ID,STORE_ID,ORDER_DATE,REF_ID,ACCOUNT_ID,COST_CTR_ID,ACCOUNTABLE,NOTES,COMPANY_ID,USER_ID,TOTAL_AMOUNT,ACC_JOURNAL_ID,ORDER_NO,BRANCH_ID) values (24,1,to_timestamp('19-SEP-24 12.00.00.000000000 AM','DD-MON-RR HH.MI.SSXFF AM'),null,null,1,1,null,0,1,20,49,4,null);
Insert into STORE_STOCKIN_ORDER (ORDER_ID,STORE_ID,ORDER_DATE,REF_ID,ACCOUNT_ID,COST_CTR_ID,ACCOUNTABLE,NOTES,COMPANY_ID,USER_ID,TOTAL_AMOUNT,ACC_JOURNAL_ID,ORDER_NO,BRANCH_ID) values (22,1,to_timestamp('02-SEP-24 12.00.00.000000000 AM','DD-MON-RR HH.MI.SSXFF AM'),null,null,1,0,null,0,1,30,null,2,null);
Insert into STORE_STOCKIN_ORDER (ORDER_ID,STORE_ID,ORDER_DATE,REF_ID,ACCOUNT_ID,COST_CTR_ID,ACCOUNTABLE,NOTES,COMPANY_ID,USER_ID,TOTAL_AMOUNT,ACC_JOURNAL_ID,ORDER_NO,BRANCH_ID) values (11,1,to_timestamp('19-SEP-24 12.00.00.000000000 AM','DD-MON-RR HH.MI.SSXFF AM'),null,null,1,1,null,0,1,160,62,11,1);
REM INSERTING into STORE_STOCKIN_ORDER_DTL
SET DEFINE OFF;
Insert into STORE_STOCKIN_ORDER_DTL (DTL_ID,ORDER_ID,PRODUCT_ID,PRODUCT_UNIT_ID,QUANTITY,PRICE,TOTAL) values (21,21,3,1,1,20,20);
Insert into STORE_STOCKIN_ORDER_DTL (DTL_ID,ORDER_ID,PRODUCT_ID,PRODUCT_UNIT_ID,QUANTITY,PRICE,TOTAL) values (23,23,3,1,8,20,160);
Insert into STORE_STOCKIN_ORDER_DTL (DTL_ID,ORDER_ID,PRODUCT_ID,PRODUCT_UNIT_ID,QUANTITY,PRICE,TOTAL) values (25,24,3,1,1,20,20);
Insert into STORE_STOCKIN_ORDER_DTL (DTL_ID,ORDER_ID,PRODUCT_ID,PRODUCT_UNIT_ID,QUANTITY,PRICE,TOTAL) values (22,22,41,1,1,30,30);
Insert into STORE_STOCKIN_ORDER_DTL (DTL_ID,ORDER_ID,PRODUCT_ID,PRODUCT_UNIT_ID,QUANTITY,PRICE,TOTAL) values (24,23,41,1,1,30,30);
Insert into STORE_STOCKIN_ORDER_DTL (DTL_ID,ORDER_ID,PRODUCT_ID,PRODUCT_UNIT_ID,QUANTITY,PRICE,TOTAL) values (26,11,3,1,8,20,160);
REM INSERTING into STORE_STOCKOUT_ORDER
SET DEFINE OFF;
Insert into STORE_STOCKOUT_ORDER (ORDER_ID,STORE_ID,ORDER_DATE,REF_ID,ACCOUNT_ID,COST_CTR_ID,ACCOUNTABLE,NOTES,COMPANY_ID,USER_ID,TOTAL_AMOUNT,ACC_JOURNAL_ID,ORDER_NO,BRANCH_ID) values (4,1,to_timestamp('11-JUL-24 12.00.00.000000000 AM','DD-MON-RR HH.MI.SSXFF AM'),123,1,1,1,'yes',0,1,75,null,3,null);
Insert into STORE_STOCKOUT_ORDER (ORDER_ID,STORE_ID,ORDER_DATE,REF_ID,ACCOUNT_ID,COST_CTR_ID,ACCOUNTABLE,NOTES,COMPANY_ID,USER_ID,TOTAL_AMOUNT,ACC_JOURNAL_ID,ORDER_NO,BRANCH_ID) values (6,1,to_timestamp('10-JUL-24 12.00.00.000000000 AM','DD-MON-RR HH.MI.SSXFF AM'),null,null,1,0,null,0,1,80,null,4,null);
Insert into STORE_STOCKOUT_ORDER (ORDER_ID,STORE_ID,ORDER_DATE,REF_ID,ACCOUNT_ID,COST_CTR_ID,ACCOUNTABLE,NOTES,COMPANY_ID,USER_ID,TOTAL_AMOUNT,ACC_JOURNAL_ID,ORDER_NO,BRANCH_ID) values (42,1,to_timestamp('19-SEP-24 12.00.00.000000000 AM','DD-MON-RR HH.MI.SSXFF AM'),null,1,1,1,null,0,1,30,51,7,null);
Insert into STORE_STOCKOUT_ORDER (ORDER_ID,STORE_ID,ORDER_DATE,REF_ID,ACCOUNT_ID,COST_CTR_ID,ACCOUNTABLE,NOTES,COMPANY_ID,USER_ID,TOTAL_AMOUNT,ACC_JOURNAL_ID,ORDER_NO,BRANCH_ID) values (22,1,to_timestamp('31-JUL-24 12.00.00.000000000 AM','DD-MON-RR HH.MI.SSXFF AM'),null,1,1,0,null,0,1,20,null,5,null);
Insert into STORE_STOCKOUT_ORDER (ORDER_ID,STORE_ID,ORDER_DATE,REF_ID,ACCOUNT_ID,COST_CTR_ID,ACCOUNTABLE,NOTES,COMPANY_ID,USER_ID,TOTAL_AMOUNT,ACC_JOURNAL_ID,ORDER_NO,BRANCH_ID) values (11,1,to_timestamp('19-SEP-24 12.00.00.000000000 AM','DD-MON-RR HH.MI.SSXFF AM'),null,2,1,1,null,0,1,2670,63,11,1);
Insert into STORE_STOCKOUT_ORDER (ORDER_ID,STORE_ID,ORDER_DATE,REF_ID,ACCOUNT_ID,COST_CTR_ID,ACCOUNTABLE,NOTES,COMPANY_ID,USER_ID,TOTAL_AMOUNT,ACC_JOURNAL_ID,ORDER_NO,BRANCH_ID) values (41,1,to_timestamp('19-SEP-24 12.00.00.000000000 AM','DD-MON-RR HH.MI.SSXFF AM'),null,4,1,1,null,0,1,20,50,6,null);
Insert into STORE_STOCKOUT_ORDER (ORDER_ID,STORE_ID,ORDER_DATE,REF_ID,ACCOUNT_ID,COST_CTR_ID,ACCOUNTABLE,NOTES,COMPANY_ID,USER_ID,TOTAL_AMOUNT,ACC_JOURNAL_ID,ORDER_NO,BRANCH_ID) values (1,1,to_timestamp('11-JUL-24 12.00.00.000000000 AM','DD-MON-RR HH.MI.SSXFF AM'),null,null,1,0,null,0,1,17.391,null,1,null);
Insert into STORE_STOCKOUT_ORDER (ORDER_ID,STORE_ID,ORDER_DATE,REF_ID,ACCOUNT_ID,COST_CTR_ID,ACCOUNTABLE,NOTES,COMPANY_ID,USER_ID,TOTAL_AMOUNT,ACC_JOURNAL_ID,ORDER_NO,BRANCH_ID) values (2,1,to_timestamp('02-JUL-24 12.00.00.000000000 AM','DD-MON-RR HH.MI.SSXFF AM'),null,null,1,0,null,0,1,234.783,null,2,null);
REM INSERTING into STORE_STOCKOUT_ORDER_DTL
SET DEFINE OFF;
Insert into STORE_STOCKOUT_ORDER_DTL (DTL_ID,ORDER_ID,PRODUCT_ID,PRODUCT_UNIT_ID,QUANTITY,PRICE,TOTAL) values (1,1,3,1,1,17.391304348,17.391304348);
Insert into STORE_STOCKOUT_ORDER_DTL (DTL_ID,ORDER_ID,PRODUCT_ID,PRODUCT_UNIT_ID,QUANTITY,PRICE,TOTAL) values (2,2,3,1,9,17.391304348,156.521739132);
Insert into STORE_STOCKOUT_ORDER_DTL (DTL_ID,ORDER_ID,PRODUCT_ID,PRODUCT_UNIT_ID,QUANTITY,PRICE,TOTAL) values (3,2,41,1,3,26.086956522,78.260869566);
Insert into STORE_STOCKOUT_ORDER_DTL (DTL_ID,ORDER_ID,PRODUCT_ID,PRODUCT_UNIT_ID,QUANTITY,PRICE,TOTAL) values (5,4,3,1,3,25,75);
Insert into STORE_STOCKOUT_ORDER_DTL (DTL_ID,ORDER_ID,PRODUCT_ID,PRODUCT_UNIT_ID,QUANTITY,PRICE,TOTAL) values (7,6,3,1,4,20,80);
Insert into STORE_STOCKOUT_ORDER_DTL (DTL_ID,ORDER_ID,PRODUCT_ID,PRODUCT_UNIT_ID,QUANTITY,PRICE,TOTAL) values (42,42,41,1,1,30,30);
Insert into STORE_STOCKOUT_ORDER_DTL (DTL_ID,ORDER_ID,PRODUCT_ID,PRODUCT_UNIT_ID,QUANTITY,PRICE,TOTAL) values (22,22,3,1,1,20,20);
Insert into STORE_STOCKOUT_ORDER_DTL (DTL_ID,ORDER_ID,PRODUCT_ID,PRODUCT_UNIT_ID,QUANTITY,PRICE,TOTAL) values (43,11,41,1,89,30,2670);
Insert into STORE_STOCKOUT_ORDER_DTL (DTL_ID,ORDER_ID,PRODUCT_ID,PRODUCT_UNIT_ID,QUANTITY,PRICE,TOTAL) values (41,41,3,1,1,20,20);
REM INSERTING into STORE_TRANSFER
SET DEFINE OFF;
Insert into STORE_TRANSFER (TRANSFER_ID,FROM_STORE_ID,TO_STORE_ID,TRANSFER_DATE,TRANSFER_BY,HAS_RECEIVED,RECEIVE_DATE,RECEIVED_BY,COMPANY_ID,TRANSFER_NO,BRANCH_ID) values (11,1,2,to_timestamp('19-SEP-24 12.00.00.000000000 AM','DD-MON-RR HH.MI.SSXFF AM'),null,null,null,null,0,11,1);
Insert into STORE_TRANSFER (TRANSFER_ID,FROM_STORE_ID,TO_STORE_ID,TRANSFER_DATE,TRANSFER_BY,HAS_RECEIVED,RECEIVE_DATE,RECEIVED_BY,COMPANY_ID,TRANSFER_NO,BRANCH_ID) values (21,2,1,to_timestamp('19-SEP-24 12.00.00.000000000 AM','DD-MON-RR HH.MI.SSXFF AM'),null,null,null,null,0,21,2);
REM INSERTING into STORE_TRANSFER_DTL
SET DEFINE OFF;
Insert into STORE_TRANSFER_DTL (DTL_ID,TRANSFER_ID,PRODUCT_ID,PRODUCT_UNIT_ID,QUANTITY,PRICE) values (26,11,3,1,85,20);
Insert into STORE_TRANSFER_DTL (DTL_ID,TRANSFER_ID,PRODUCT_ID,PRODUCT_UNIT_ID,QUANTITY,PRICE) values (27,21,41,1,5,30);
